step,critic_loss,actor_loss,q1_mean,q2_mean,q3_mean,q4_mean,q5_mean,q_gap,action_abs_mean,action_saturation,actor_weight_norm,critic_weight_norm,actor_grad_norm
6000,337.3492431640625,2.464068651199341,-4.793899059295654,-4.708653926849365,-4.9527058601379395,-4.76253604888916,-4.76657247543335,0.9849861264228821,0.8374993205070496,0.44140625,19.928173065185547,55.77399826049805,0.9198468327522278
7000,73.45710754394531,3.2517752647399902,-5.876853942871094,-5.8753461837768555,-5.7803497314453125,-5.849791049957275,-5.857428550720215,1.2534652948379517,0.8707571029663086,0.576171875,23.78949546813965,69.15058898925781,1.0555131435394287
8000,45.97787094116211,6.652896881103516,-6.743526458740234,-6.5425615310668945,-6.588169097900391,-6.409809112548828,-6.523519515991211,1.4087564945220947,0.7951027154922485,0.44140625,26.67080307006836,78.36835479736328,2.0038034915924072
9000,26.46881103515625,8.995565414428711,-7.197491645812988,-7.2374773025512695,-7.07283878326416,-7.124673843383789,-7.0918145179748535,1.5004256963729858,0.7769465446472168,0.478515625,29.11968421936035,85.73355865478516,2.1590633392333984
10000,44.84390640258789,8.995342254638672,-11.731306076049805,-12.025602340698242,-12.04391860961914,-12.066291809082031,-12.16301441192627,1.6683403253555298,0.6854668259620667,0.361328125,30.958484649658203,91.52510833740234,0.9038053750991821
11000,40.072547912597656,11.40124797821045,-14.416815757751465,-14.35661506652832,-14.317098617553711,-14.46861457824707,-14.408367156982422,1.6095432043075562,0.6322062015533447,0.2265625,32.587791442871094,96.91505432128906,2.191012382507324
12000,21.736438751220703,9.314870834350586,-14.812095642089844,-15.12608528137207,-14.867108345031738,-14.703536987304688,-14.99595832824707,1.7661837339401245,0.623780369758606,0.205078125,33.89710235595703,102.17780303955078,1.764241337776184
13000,28.54644012451172,9.960966110229492,-15.589385986328125,-16.039382934570312,-16.093643188476562,-15.999528884887695,-15.439605712890625,1.8428905010223389,0.6001865863800049,0.189453125,35.59670639038086,107.10778045654297,2.34328031539917
14000,42.50625228881836,15.863289833068848,-22.245914459228516,-21.53036880493164,-21.260774612426758,-21.314918518066406,-21.517467498779297,2.100118637084961,0.6174302697181702,0.20703125,37.230560302734375,111.10182189941406,2.260333776473999
15000,47.06494903564453,21.478567123413086,-27.55058479309082,-27.234283447265625,-27.280948638916016,-27.379165649414062,-27.465347290039062,2.030479669570923,0.62220299243927,0.171875,38.76020812988281,112.921875,3.4752964973449707
16000,41.253387451171875,25.931110382080078,-23.866636276245117,-23.511754989624023,-23.761228561401367,-23.452844619750977,-23.65526580810547,1.8763738870620728,0.6151549220085144,0.193359375,39.95967483520508,114.4478759765625,2.4752304553985596
17000,38.63660430908203,22.4020938873291,-31.212203979492188,-31.18897247314453,-31.120319366455078,-31.24587631225586,-31.10474395751953,1.7690242528915405,0.6522929072380066,0.216796875,41.00068664550781,115.40756225585938,3.1799726486206055
18000,53.690032958984375,31.55312728881836,-34.34476852416992,-34.48737716674805,-34.293087005615234,-34.0988655090332,-34.40956497192383,1.80825674533844,0.6616921424865723,0.2265625,42.00333786010742,116.38421630859375,2.56112003326416
19000,25.477170944213867,31.405908584594727,-34.412254333496094,-34.801326751708984,-34.4703369140625,-34.65264892578125,-34.421470642089844,1.6838849782943726,0.7090396881103516,0.248046875,42.98744201660156,118.04569244384766,2.057973861694336
20000,36.64503860473633,37.25282287597656,-34.179325103759766,-33.94741439819336,-33.50688934326172,-33.71334457397461,-33.75556182861328,1.81455397605896,0.7034096121788025,0.25,44.13551712036133,120.32086944580078,1.8485746383666992
21000,38.12330627441406,33.23731231689453,-34.016414642333984,-34.33833312988281,-34.32275390625,-34.33769989013672,-34.198612213134766,1.734871506690979,0.6790246367454529,0.2265625,45.274757385253906,122.61287689208984,5.865602493286133
22000,38.244407653808594,35.232078552246094,-37.56645202636719,-38.0278434753418,-37.96104431152344,-37.96086120605469,-37.93718338012695,1.6183969974517822,0.7069326639175415,0.2578125,46.39691162109375,124.34187316894531,3.1623077392578125
23000,16.76892852783203,34.02069854736328,-38.097259521484375,-38.52199172973633,-38.36863327026367,-38.61442565917969,-38.48766326904297,1.8486517667770386,0.7022467255592346,0.255859375,47.34513854980469,125.43608856201172,2.073873519897461
24000,26.77566146850586,37.5506706237793,-38.4168586730957,-38.42049789428711,-38.485626220703125,-38.54316329956055,-38.447242736816406,1.5401723384857178,0.7319449186325073,0.28125,48.23252487182617,126.2772216796875,1.9438693523406982
25000,14.305171966552734,37.53783416748047,-39.35239028930664,-39.51643753051758,-38.94418716430664,-39.29170227050781,-39.475181579589844,1.6734998226165771,0.682983934879303,0.23828125,49.168067932128906,127.2230224609375,1.8509584665298462
26000,13.784406661987305,38.42791748046875,-36.466033935546875,-36.80635070800781,-36.700172424316406,-36.728919982910156,-36.78400421142578,1.4626637697219849,0.6827074885368347,0.2578125,50.06458282470703,128.45948791503906,3.324687957763672
27000,12.844354629516602,40.23221206665039,-41.42267608642578,-41.257179260253906,-41.115333557128906,-41.41167449951172,-41.25968551635742,1.516789436340332,0.6858888864517212,0.25390625,50.85704803466797,129.98574829101562,2.7621712684631348
28000,13.911031723022461,37.44914627075195,-41.42731475830078,-41.369789123535156,-40.9791145324707,-41.293312072753906,-41.2115478515625,1.5477819442749023,0.652515172958374,0.228515625,51.69055938720703,131.4608612060547,1.5005141496658325
29000,11.854940414428711,34.930301666259766,-39.037109375,-39.2308464050293,-39.265750885009766,-39.06462097167969,-38.99858474731445,1.370720624923706,0.6560541391372681,0.240234375,52.4239501953125,132.80438232421875,2.200392246246338
30000,27.339248657226562,36.140098571777344,-36.84872055053711,-37.06019973754883,-37.102935791015625,-36.990196228027344,-36.866546630859375,1.3653384447097778,0.6383314728736877,0.2265625,53.10179138183594,134.09950256347656,2.241335391998291
31000,8.454051971435547,34.451622009277344,-37.01784133911133,-36.98698425292969,-37.14385986328125,-37.068885803222656,-36.886558532714844,1.2899616956710815,0.625188946723938,0.18359375,53.78376770019531,135.52259826660156,2.703918218612671
32000,12.842085838317871,32.656211853027344,-37.40530776977539,-37.66285705566406,-37.57942199707031,-37.43446350097656,-37.44523620605469,1.3050756454467773,0.6503483653068542,0.173828125,54.44969177246094,136.9707489013672,2.10821270942688
33000,11.255277633666992,35.94340133666992,-34.096412658691406,-34.19582748413086,-34.14992141723633,-34.25796127319336,-33.995277404785156,1.277413249015808,0.6105132102966309,0.126953125,55.20161056518555,138.41207885742188,1.6488949060440063
34000,10.105792045593262,30.196880340576172,-32.01817321777344,-32.05208969116211,-32.02354431152344,-31.929962158203125,-31.892562866210938,1.1735014915466309,0.6343002319335938,0.1640625,55.915626525878906,139.86111450195312,2.808539867401123
35000,32.51236343383789,32.387996673583984,-33.85504913330078,-33.72580337524414,-33.98579788208008,-33.817474365234375,-33.80356216430664,1.204944372177124,0.5971805453300476,0.126953125,56.557762145996094,141.12034606933594,2.187408685684204
36000,21.269062042236328,31.381591796875,-33.51841354370117,-33.60287857055664,-33.68492126464844,-33.66978454589844,-33.532073974609375,1.2285118103027344,0.5643783211708069,0.130859375,57.174644470214844,142.61715698242188,2.4592809677124023
37000,7.284667015075684,31.018081665039062,-32.799903869628906,-32.50448226928711,-32.5092658996582,-32.57219696044922,-32.54704284667969,1.1406701803207397,0.5763150453567505,0.109375,57.82760238647461,143.53028869628906,1.4151992797851562
38000,17.07420539855957,33.6658821105957,-34.59916305541992,-34.50482940673828,-34.278968811035156,-34.34271240234375,-34.52850341796875,1.320589542388916,0.7046629786491394,0.2578125,58.523231506347656,144.5325927734375,1.5325672626495361
39000,14.829936027526855,34.0450325012207,-32.23497009277344,-32.34539794921875,-32.0604362487793,-32.202056884765625,-32.13225555419922,1.2470860481262207,0.7222263813018799,0.30859375,59.04013442993164,145.7390594482422,1.645904302597046
40000,12.013548851013184,32.727088928222656,-36.099884033203125,-35.816986083984375,-36.1307258605957,-35.62078857421875,-35.74814224243164,1.456092119216919,0.699734091758728,0.26953125,59.65074157714844,146.99847412109375,1.5091922283172607
41000,14.071150779724121,38.690921783447266,-33.85100555419922,-33.945770263671875,-33.30939865112305,-33.611839294433594,-33.74347686767578,1.4696882963180542,0.731511652469635,0.3203125,60.21486282348633,147.6480255126953,1.4518773555755615
42000,8.705106735229492,31.299779891967773,-34.864341735839844,-34.55552291870117,-35.26409912109375,-34.86772537231445,-34.89655303955078,1.3852430582046509,0.7094771862030029,0.33984375,60.828651428222656,148.36700439453125,0.9929909110069275
43000,33.01834487915039,33.76239013671875,-40.2540283203125,-39.99709701538086,-39.71394348144531,-40.245365142822266,-40.01197814941406,1.4310308694839478,0.7593206763267517,0.38671875,61.491512298583984,149.21676635742188,1.7844138145446777
44000,14.036643981933594,33.978851318359375,-35.9208869934082,-35.59520721435547,-35.757938385009766,-35.73607635498047,-35.896705627441406,1.3848745822906494,0.744346559047699,0.39453125,62.0911865234375,150.02745056152344,1.879780888557434
45000,20.571502685546875,34.89729309082031,-35.00205612182617,-35.07175827026367,-35.40306854248047,-35.070884704589844,-35.027034759521484,1.3709831237792969,0.7459695339202881,0.357421875,62.76669692993164,150.95814514160156,2.5149614810943604
46000,10.390240669250488,35.68251037597656,-34.393402099609375,-34.17594909667969,-34.15447998046875,-34.255680084228516,-34.19978332519531,1.3879896402359009,0.7310535311698914,0.333984375,63.44831848144531,152.12091064453125,1.6127537488937378
47000,12.602540969848633,34.70756530761719,-33.56233215332031,-33.46330261230469,-33.492427825927734,-33.582794189453125,-33.486053466796875,1.2797493934631348,0.7253259420394897,0.349609375,64.15766143798828,153.38221740722656,1.327326774597168
48000,13.743361473083496,29.816967010498047,-37.02416229248047,-37.49314880371094,-37.31121063232422,-37.3401985168457,-37.48851776123047,1.4707176685333252,0.7302504777908325,0.376953125,64.8838119506836,154.88633728027344,1.5636091232299805
49000,27.42009925842285,30.536348342895508,-34.62547302246094,-34.724761962890625,-34.80052185058594,-34.613922119140625,-34.757972717285156,1.3618788719177246,0.734745979309082,0.37890625,65.56929016113281,156.4031982421875,4.388186454772949
50000,14.076135635375977,31.433767318725586,-33.765228271484375,-33.7979850769043,-33.588470458984375,-33.8493766784668,-33.828853607177734,1.348893165588379,0.7202051281929016,0.341796875,66.22723388671875,157.83074951171875,2.8406050205230713
51000,24.342144012451172,33.15293884277344,-32.690189361572266,-32.35975646972656,-32.82847595214844,-32.336814880371094,-32.491939544677734,1.5130302906036377,0.7080973386764526,0.328125,66.79193115234375,159.48638916015625,1.4817237854003906
52000,21.940284729003906,32.84884262084961,-33.63377380371094,-33.82801055908203,-33.39311981201172,-33.47618103027344,-33.62785720825195,1.4420710802078247,0.7497661709785461,0.36328125,67.40433502197266,161.1102752685547,1.4205342531204224
53000,20.49184799194336,31.00279426574707,-31.10236358642578,-31.013395309448242,-31.029857635498047,-31.01262664794922,-30.875394821166992,1.402287483215332,0.7655081152915955,0.384765625,68.0165786743164,162.6682891845703,1.571541428565979
54000,76.02987670898438,28.87586212158203,-31.70329475402832,-31.736980438232422,-31.74567222595215,-31.91208267211914,-31.576923370361328,1.4699739217758179,0.7159996628761292,0.30078125,68.5711898803711,164.57542419433594,1.988538146018982
55000,17.691017150878906,31.42812728881836,-32.590118408203125,-32.804527282714844,-32.494598388671875,-32.52125549316406,-32.637264251708984,1.4681544303894043,0.7436820864677429,0.34765625,69.15505981445312,166.1132049560547,1.648087501525879
56000,19.356647491455078,27.940340042114258,-32.00096893310547,-31.928237915039062,-32.117218017578125,-32.18022155761719,-32.1229133605957,1.5515598058700562,0.7175679206848145,0.296875,69.73849487304688,167.67913818359375,1.3829141855239868
57000,13.885885238647461,27.823427200317383,-30.945045471191406,-30.814735412597656,-30.974018096923828,-30.975852966308594,-30.85332489013672,1.539717674255371,0.7336069941520691,0.322265625,70.35330200195312,169.4217071533203,2.088447093963623
58000,51.66436767578125,29.0279598236084,-30.379201889038086,-30.12725830078125,-29.950057983398438,-29.9859619140625,-30.14584732055664,1.5559258460998535,0.7111092805862427,0.298828125,70.87435150146484,171.1403045654297,1.730265736579895
59000,29.547260284423828,29.78738784790039,-29.443153381347656,-29.4595947265625,-29.747251510620117,-29.779754638671875,-29.728374481201172,1.4975919723510742,0.7277143597602844,0.345703125,71.3200454711914,173.1007843017578,2.297489643096924
60000,39.35755157470703,28.338071823120117,-27.372526168823242,-27.30548858642578,-27.56073760986328,-27.667221069335938,-27.247228622436523,1.4747055768966675,0.7496835589408875,0.337890625,71.80659484863281,174.952392578125,1.8444348573684692
61000,16.77474594116211,29.307861328125,-29.473787307739258,-29.299510955810547,-28.873064041137695,-29.165264129638672,-29.203977584838867,1.6349526643753052,0.725126326084137,0.34765625,72.3520278930664,176.71347045898438,1.5002022981643677
62000,28.81686019897461,27.88527488708496,-29.57097625732422,-29.476852416992188,-29.433361053466797,-29.536701202392578,-29.484411239624023,1.4474732875823975,0.7120713591575623,0.3046875,72.86050415039062,178.19351196289062,1.4202196598052979
63000,96.82307434082031,26.759082794189453,-30.21653938293457,-30.396102905273438,-30.667282104492188,-30.33034896850586,-30.155832290649414,1.6487352848052979,0.7171822786331177,0.3046875,73.41266632080078,179.70645141601562,1.8055986166000366
64000,21.51361846923828,32.58884811401367,-31.301836013793945,-30.884525299072266,-30.9606990814209,-31.147443771362305,-30.957229614257812,1.6055233478546143,0.7432833313941956,0.3046875,73.90270233154297,181.21728515625,1.3819639682769775
65000,14.31998062133789,27.318368911743164,-31.40142822265625,-31.173303604125977,-31.105714797973633,-31.15444564819336,-31.09375762939453,1.594115972518921,0.6936746835708618,0.31640625,74.39549255371094,182.67779541015625,1.8002246618270874
66000,189.878173828125,32.66128921508789,-34.737709045410156,-34.8620719909668,-34.72418975830078,-34.97899627685547,-34.88739776611328,1.5777673721313477,0.7029436826705933,0.27734375,74.94445037841797,184.00180053710938,2.900940418243408
67000,14.98099422454834,31.397851943969727,-30.578285217285156,-30.5677490234375,-30.409910202026367,-30.767288208007812,-30.569690704345703,1.5794713497161865,0.7276109457015991,0.294921875,75.46283721923828,184.76449584960938,2.7024424076080322
68000,17.43471336364746,35.053863525390625,-34.618560791015625,-34.3779296875,-34.281585693359375,-34.53041458129883,-34.46147918701172,1.5052937269210815,0.7125459909439087,0.28515625,75.97405242919922,185.65744018554688,3.2957592010498047
69000,43.882896423339844,32.672603607177734,-32.10295104980469,-32.178367614746094,-32.1302375793457,-32.104454040527344,-32.25054931640625,1.47078275680542,0.6885503530502319,0.25390625,76.51472473144531,186.43597412109375,2.140289545059204
70000,52.401451110839844,29.072601318359375,-30.813657760620117,-30.915651321411133,-30.853961944580078,-31.049989700317383,-30.981487274169922,1.4601868391036987,0.6944876909255981,0.318359375,77.04708099365234,187.2335662841797,2.0985302925109863
71000,30.185373306274414,33.25532150268555,-36.96875762939453,-37.00629806518555,-36.85541534423828,-36.96028137207031,-36.76210021972656,1.618960976600647,0.695356011390686,0.31640625,77.59087371826172,188.0712127685547,2.735884428024292
72000,28.469161987304688,32.832252502441406,-34.625335693359375,-34.04084396362305,-34.047080993652344,-34.17229080200195,-34.22152328491211,1.7173357009887695,0.6792151927947998,0.30859375,78.10225677490234,189.11216735839844,2.0375077724456787
73000,20.301025390625,36.843780517578125,-36.349037170410156,-36.126487731933594,-36.183349609375,-36.268123626708984,-36.10426330566406,1.5885266065597534,0.7136785984039307,0.365234375,78.57624816894531,189.93997192382812,2.450024127960205
74000,18.476760864257812,33.513580322265625,-36.33094024658203,-36.62913131713867,-36.56535339355469,-36.696720123291016,-36.69615936279297,1.6681432723999023,0.6822911500930786,0.322265625,79.0042953491211,191.1346893310547,2.6720006465911865
75000,28.260149002075195,37.84646987915039,-39.84204864501953,-39.42726135253906,-39.19664001464844,-38.9056396484375,-39.19978332519531,1.9575275182724,0.7145888805389404,0.353515625,79.47919464111328,192.4160919189453,1.421764612197876
76000,15.266995429992676,36.021263122558594,-38.26141357421875,-37.64754104614258,-37.66923522949219,-37.84990692138672,-37.961368560791016,1.6495180130004883,0.7378554940223694,0.408203125,79.94987487792969,193.63194274902344,1.8574159145355225
77000,21.473873138427734,33.89472961425781,-39.00288772583008,-38.96464157104492,-38.5399284362793,-38.59900665283203,-38.57394790649414,1.7393903732299805,0.7670179605484009,0.453125,80.44363403320312,194.60093688964844,2.350027561187744
78000,278.93743896484375,36.50664520263672,-39.03234100341797,-38.92485427856445,-38.72114562988281,-38.811279296875,-38.76645278930664,1.640901803970337,0.749051034450531,0.412109375,80.90900421142578,195.5906524658203,2.4440765380859375
79000,10.016864776611328,38.2806396484375,-36.584754943847656,-36.38471984863281,-36.504276275634766,-36.431610107421875,-36.50310516357422,1.689302682876587,0.7717721462249756,0.455078125,81.3444595336914,196.79196166992188,1.4286032915115356
80000,19.214336395263672,37.24910354614258,-41.151763916015625,-41.152122497558594,-41.25639343261719,-41.25496292114258,-41.102909088134766,1.653626799583435,0.7538152933120728,0.439453125,81.74739074707031,197.8023223876953,1.5003613233566284
81000,37.24641036987305,40.03789520263672,-41.18531799316406,-40.815147399902344,-40.80183792114258,-40.954341888427734,-40.72893524169922,1.829042673110962,0.784481942653656,0.470703125,82.11809539794922,198.9483184814453,1.950313925743103
82000,41.84006118774414,35.86701965332031,-38.86063766479492,-39.07787322998047,-38.91082000732422,-39.24890899658203,-38.98444366455078,1.6523690223693848,0.7909276485443115,0.44921875,82.49742126464844,200.14047241210938,1.4412611722946167
83000,34.89727020263672,34.33546829223633,-39.69446563720703,-39.562522888183594,-39.40827941894531,-39.736305236816406,-39.51207733154297,1.8238544464111328,0.7804744839668274,0.4296875,82.92352294921875,201.05380249023438,1.8060145378112793
84000,50.378849029541016,37.63390350341797,-38.81386947631836,-38.715694427490234,-38.60942840576172,-38.44013977050781,-38.54722595214844,1.7324644327163696,0.7570298314094543,0.40625,83.32844543457031,202.2505645751953,2.215953826904297
85000,63.9011344909668,34.5154914855957,-38.41252899169922,-37.94563674926758,-38.024803161621094,-38.005977630615234,-38.268577575683594,1.6318293809890747,0.7534685134887695,0.375,83.75763702392578,203.33786010742188,1.6336052417755127
86000,17.073259353637695,38.413944244384766,-39.74505615234375,-39.52889633178711,-39.712974548339844,-39.88154220581055,-39.82917022705078,1.7767126560211182,0.7482390403747559,0.439453125,84.20214080810547,204.29441833496094,1.8650795221328735
87000,93.30681610107422,36.855716705322266,-40.430179595947266,-40.43213653564453,-40.10131072998047,-40.39807891845703,-40.314876556396484,1.7850843667984009,0.7394781708717346,0.40625,84.6067123413086,205.41690063476562,1.2936313152313232
88000,13.935469627380371,37.79169845581055,-40.750457763671875,-41.21538543701172,-40.97440719604492,-41.19687271118164,-41.077518463134766,1.772469162940979,0.7573501467704773,0.451171875,84.89681243896484,206.8214569091797,1.4033534526824951
89000,16.34357452392578,38.15723419189453,-40.84576416015625,-40.78922653198242,-40.81200408935547,-40.756919860839844,-40.86214065551758,1.6078742742538452,0.7763201594352722,0.4609375,85.20354461669922,207.9597625732422,1.5283282995224
90000,24.857696533203125,39.14935302734375,-38.999595642089844,-38.87676239013672,-39.072227478027344,-39.14423370361328,-39.064361572265625,1.6506658792495728,0.7164807915687561,0.416015625,85.49974822998047,208.8472137451172,4.818315029144287
91000,407.88739013671875,35.006919860839844,-37.727359771728516,-37.67460632324219,-37.626312255859375,-37.798484802246094,-37.69652557373047,1.66359281539917,0.7219209671020508,0.4375,85.8858642578125,209.7816162109375,1.649664044380188
92000,14.886248588562012,33.8474006652832,-40.79624557495117,-40.62254333496094,-40.74951934814453,-40.787925720214844,-40.672630310058594,1.7464011907577515,0.7259507775306702,0.458984375,86.2419662475586,210.6663818359375,1.590219259262085
93000,22.915252685546875,35.956642150878906,-37.037086486816406,-37.19890213012695,-37.16340637207031,-37.09563446044922,-37.183990478515625,1.6867883205413818,0.7412639260292053,0.39453125,86.5512466430664,211.7777862548828,2.1240618228912354
94000,26.10638999938965,36.98601531982422,-38.08940124511719,-38.101043701171875,-38.27016067504883,-38.12018585205078,-38.35416793823242,1.5279408693313599,0.7658047676086426,0.470703125,86.87686157226562,212.80177307128906,1.5022960901260376
95000,46.771820068359375,38.514923095703125,-35.88465881347656,-36.0555305480957,-36.16944122314453,-35.785736083984375,-36.138954162597656,1.5937639474868774,0.794494092464447,0.517578125,87.24026489257812,213.8618927001953,1.0619313716888428
96000,28.72069549560547,37.588985443115234,-39.66923522949219,-39.46760559082031,-39.49699401855469,-39.4669189453125,-39.26133728027344,1.5824027061462402,0.7821085453033447,0.5390625,87.54425811767578,214.85540771484375,1.8155386447906494
97000,13.95536994934082,39.58222961425781,-43.805938720703125,-43.69053649902344,-43.64773941040039,-43.550262451171875,-43.84151077270508,1.803763508796692,0.765613317489624,0.470703125,87.83802795410156,215.91151428222656,1.461077332496643
98000,26.644800186157227,41.486358642578125,-40.507354736328125,-40.60466384887695,-40.630821228027344,-40.335693359375,-40.427154541015625,1.6876813173294067,0.7902789115905762,0.53125,88.13289642333984,217.01470947265625,1.4366225004196167
99000,21.95196533203125,37.570098876953125,-41.878047943115234,-41.94204330444336,-41.672603607177734,-41.83066940307617,-41.716915130615234,1.8864935636520386,0.7664958238601685,0.505859375,88.4605484008789,218.0384063720703,2.373918294906616
100000,56.94387435913086,37.485511779785156,-39.3831787109375,-39.1915168762207,-39.104408264160156,-39.128868103027344,-39.30860137939453,1.6500654220581055,0.7531986236572266,0.50390625,88.79830932617188,219.1336669921875,2.245706796646118
101000,38.13108444213867,38.50747299194336,-40.063720703125,-39.996028900146484,-39.978309631347656,-39.775733947753906,-40.01649475097656,1.6488794088363647,0.7790030241012573,0.513671875,89.11614990234375,220.21939086914062,2.1889216899871826
102000,68.32441711425781,38.76101303100586,-38.43772888183594,-38.26970291137695,-38.090110778808594,-37.973812103271484,-38.33804702758789,1.8151127099990845,0.715936541557312,0.455078125,89.45865631103516,221.2086639404297,2.3162729740142822
103000,15.73063850402832,36.40196990966797,-38.51530456542969,-38.088356018066406,-38.41218566894531,-38.553611755371094,-38.11408996582031,1.7479283809661865,0.7533600330352783,0.501953125,89.77684020996094,222.07850646972656,2.1182141304016113
104000,53.276275634765625,42.135597229003906,-37.20127868652344,-37.141544342041016,-37.148963928222656,-37.2168083190918,-37.168724060058594,1.8363325595855713,0.708793044090271,0.466796875,90.08470916748047,223.1636505126953,2.027123212814331
105000,24.227235794067383,35.83566665649414,-35.50990295410156,-35.38008117675781,-35.081756591796875,-35.224212646484375,-35.16591262817383,1.5902782678604126,0.7650497555732727,0.50390625,90.38948059082031,224.3065948486328,2.010863780975342
106000,60.94002151489258,38.35041809082031,-34.69490432739258,-34.498268127441406,-34.489845275878906,-34.596519470214844,-34.59629821777344,1.5711222887039185,0.7744004726409912,0.494140625,90.6814193725586,225.5133514404297,2.4110262393951416
107000,26.37245750427246,32.84462356567383,-39.80896759033203,-39.79940414428711,-39.665260314941406,-39.67905044555664,-39.546546936035156,1.6317378282546997,0.7616374492645264,0.4453125,91.03866577148438,226.58702087402344,2.7189176082611084
108000,53.28102111816406,34.061126708984375,-37.21788787841797,-37.07865905761719,-37.1555290222168,-37.196014404296875,-37.169883728027344,1.7248320579528809,0.7686490416526794,0.4453125,91.40892791748047,227.5878448486328,2.1081008911132812
109000,25.921327590942383,34.06001281738281,-35.71186447143555,-35.60981750488281,-35.565330505371094,-35.770416259765625,-35.594112396240234,1.6027776002883911,0.7713591456413269,0.42578125,91.71170043945312,228.7804412841797,3.8456478118896484
110000,29.044851303100586,33.12759780883789,-33.22267532348633,-33.20286178588867,-33.33390808105469,-33.366920471191406,-33.537025451660156,1.412377119064331,0.7861117124557495,0.43359375,92.05375671386719,229.52369689941406,1.4108996391296387
111000,18.19347381591797,31.906204223632812,-37.11450958251953,-37.1340446472168,-37.520050048828125,-37.00709915161133,-37.31110382080078,1.7274701595306396,0.7714571356773376,0.466796875,92.38774108886719,230.5407257080078,1.3699297904968262
112000,14.332468032836914,32.65325927734375,-33.367225646972656,-33.302406311035156,-33.33370590209961,-33.324859619140625,-33.10292053222656,1.5215098857879639,0.7598432302474976,0.412109375,92.66883087158203,231.46315002441406,1.8299553394317627
113000,35.96862030029297,34.6026496887207,-34.41279602050781,-34.17138671875,-34.01403045654297,-34.02191925048828,-33.96144104003906,1.8266760110855103,0.7266601324081421,0.3671875,92.9715576171875,232.5075225830078,2.113030433654785
114000,83.36347198486328,32.643348693847656,-32.248748779296875,-31.98957633972168,-31.982540130615234,-32.028018951416016,-32.07526397705078,1.7205650806427002,0.7187728881835938,0.345703125,93.32324981689453,233.61566162109375,1.1977293491363525
115000,214.1442108154297,31.80815887451172,-34.29466247558594,-34.27545928955078,-34.33064270019531,-34.32124710083008,-34.43585968017578,1.7291934490203857,0.6967040300369263,0.3359375,93.59249877929688,234.76368713378906,1.471498727798462
116000,18.790163040161133,29.089345932006836,-31.897741317749023,-31.850608825683594,-31.809471130371094,-31.94232177734375,-32.07606506347656,1.6073594093322754,0.7063619494438171,0.318359375,93.91976165771484,235.7362518310547,1.3366411924362183
117000,29.091835021972656,29.463703155517578,-30.55712127685547,-30.840923309326172,-30.722484588623047,-30.655868530273438,-30.744159698486328,1.5528969764709473,0.6893528699874878,0.33984375,94.24793243408203,236.81190490722656,0.9714387655258179
118000,43.22469711303711,29.708789825439453,-31.6512393951416,-31.588470458984375,-31.673938751220703,-31.543407440185547,-31.417644500732422,1.6652393341064453,0.7115980982780457,0.369140625,94.55827331542969,238.09109497070312,2.104133129119873
119000,206.43980407714844,30.12315559387207,-28.065349578857422,-27.75320816040039,-27.920135498046875,-27.96295166015625,-27.868724822998047,1.6106033325195312,0.6918559670448303,0.3046875,94.8870849609375,239.0792999267578,2.113424301147461
120000,28.762596130371094,30.578636169433594,-29.073890686035156,-29.144920349121094,-29.063167572021484,-29.01254653930664,-29.10350799560547,1.6974684000015259,0.677191972732544,0.3046875,95.19595336914062,240.17530822753906,1.6694936752319336
121000,13.761082649230957,31.534452438354492,-30.208560943603516,-30.24805450439453,-30.002822875976562,-29.966934204101562,-30.293848037719727,1.5399571657180786,0.7323094010353088,0.373046875,95.5438003540039,241.27674865722656,1.4924901723861694
122000,10.897683143615723,28.688405990600586,-29.53092384338379,-29.33635711669922,-29.509361267089844,-29.260358810424805,-29.422212600708008,1.4807084798812866,0.7352381944656372,0.37109375,95.8917007446289,242.20925903320312,1.4865869283676147
123000,6.0765509605407715,27.100570678710938,-30.798397064208984,-30.811538696289062,-30.927173614501953,-30.843021392822266,-30.80454444885254,1.2764501571655273,0.6772399544715881,0.298828125,96.1978530883789,243.15774536132812,1.351025938987732
124000,13.241934776306152,28.351491928100586,-25.7640380859375,-25.93189239501953,-25.813961029052734,-25.64790153503418,-25.855018615722656,1.390141248703003,0.6991065144538879,0.32421875,96.48499298095703,244.02499389648438,1.678452968597412
125000,18.177616119384766,24.390583038330078,-28.3719425201416,-28.38465118408203,-28.507728576660156,-28.461835861206055,-28.465593338012695,1.4302051067352295,0.7731671333312988,0.40234375,96.81448364257812,245.06399536132812,1.324303150177002
126000,21.754545211791992,26.615114212036133,-24.216115951538086,-24.339420318603516,-24.372934341430664,-24.184059143066406,-24.403514862060547,1.4148163795471191,0.7935553193092346,0.4765625,97.10111999511719,246.158935546875,1.6725748777389526
127000,21.106689453125,27.11404037475586,-27.88825225830078,-27.731019973754883,-27.62738037109375,-27.77804946899414,-27.6948184967041,1.4155734777450562,0.7703156471252441,0.412109375,97.47676849365234,247.27163696289062,1.6011641025543213
128000,34.46479034423828,25.007965087890625,-27.460657119750977,-27.82524871826172,-27.662399291992188,-27.66956329345703,-27.63192367553711,1.5771502256393433,0.7225443124771118,0.380859375,97.79520416259766,248.20448303222656,1.4997919797897339
129000,15.69868278503418,26.98048210144043,-26.956634521484375,-27.052852630615234,-27.046985626220703,-27.27819061279297,-27.114612579345703,1.6476455926895142,0.7740173935890198,0.41796875,98.17052459716797,249.35980224609375,0.9865337610244751
130000,39.393062591552734,27.071643829345703,-28.185550689697266,-27.607290267944336,-27.896921157836914,-27.861175537109375,-27.76581573486328,1.462782382965088,0.7457544803619385,0.421875,98.50045776367188,250.34629821777344,1.1541732549667358
131000,61.941139221191406,25.212234497070312,-25.00847816467285,-24.77464485168457,-24.973642349243164,-24.781240463256836,-24.78670883178711,1.533494472503662,0.7313016653060913,0.408203125,98.8895034790039,251.5906982421875,1.050649642944336
132000,273.5780944824219,27.52410316467285,-25.132892608642578,-24.996219635009766,-24.89002227783203,-25.020347595214844,-25.116579055786133,1.4728764295578003,0.7637999057769775,0.416015625,99.2655029296875,252.5854034423828,1.3970861434936523
133000,301.769775390625,25.850618362426758,-27.322114944458008,-27.53091812133789,-27.63028335571289,-27.405933380126953,-27.567779541015625,1.4528629779815674,0.735236406326294,0.423828125,99.64163970947266,253.6060028076172,1.7240127325057983
134000,16.621137619018555,28.40589141845703,-25.327083587646484,-25.11115264892578,-25.225364685058594,-25.33209228515625,-25.228500366210938,1.349137544631958,0.7397359609603882,0.416015625,100.00723266601562,254.70054626464844,1.5275647640228271
135000,81.90330505371094,27.25204849243164,-28.292896270751953,-28.449234008789062,-28.683103561401367,-28.556617736816406,-28.45206642150879,1.504041075706482,0.7324106097221375,0.388671875,100.28528594970703,256.154296875,1.5714939832687378
136000,31.65753746032715,27.006858825683594,-27.90955352783203,-28.018844604492188,-28.02605438232422,-28.02828598022461,-27.952239990234375,1.4019908905029297,0.7526048421859741,0.421875,100.57210540771484,257.2702331542969,1.5259690284729004
137000,23.950422286987305,26.487571716308594,-28.2580623626709,-28.024892807006836,-28.19629669189453,-28.10044288635254,-28.238224029541016,1.5067280530929565,0.7381643056869507,0.421875,100.90045928955078,258.62457275390625,1.626530647277832
138000,41.656883239746094,24.72357177734375,-26.837390899658203,-27.2117977142334,-27.098251342773438,-27.256179809570312,-26.78441619873047,1.795292854309082,0.7582168579101562,0.421875,101.1776351928711,259.8481750488281,1.5596965551376343
139000,63.77296447753906,30.669708251953125,-31.543989181518555,-31.499061584472656,-31.597801208496094,-31.604063034057617,-31.626384735107422,1.6339775323867798,0.761902928352356,0.431640625,101.51292419433594,260.90435791015625,1.5173600912094116
140000,40.92816162109375,26.675769805908203,-25.733951568603516,-25.439971923828125,-25.530513763427734,-25.488746643066406,-25.286571502685547,1.666652798652649,0.7669516801834106,0.435546875,101.82450103759766,261.86865234375,1.6236492395401
141000,32.37821578979492,25.72541618347168,-29.88388442993164,-29.74321937561035,-29.866865158081055,-29.934932708740234,-29.968130111694336,1.7174782752990723,0.7765562534332275,0.4453125,102.19437408447266,262.8683776855469,2.299384593963623
142000,79.8218994140625,27.599872589111328,-25.755516052246094,-25.525630950927734,-25.590084075927734,-25.34906768798828,-25.37948989868164,1.7286790609359741,0.7698854207992554,0.439453125,102.53407287597656,263.938232421875,2.1871838569641113
143000,11.454116821289062,26.620702743530273,-29.077606201171875,-29.27753257751465,-29.150590896606445,-29.358192443847656,-29.19300079345703,1.7553279399871826,0.8158953785896301,0.5390625,102.86353302001953,265.0340881347656,1.7543681859970093
144000,27.99335289001465,24.931182861328125,-30.9123592376709,-30.742441177368164,-30.838214874267578,-30.665754318237305,-30.832210540771484,1.9562115669250488,0.7849446535110474,0.4765625,103.19591522216797,266.15057373046875,1.0625494718551636
145000,194.83470153808594,29.663089752197266,-28.843475341796875,-28.429502487182617,-28.571781158447266,-28.554746627807617,-28.569154739379883,1.724685788154602,0.7706710696220398,0.474609375,103.48883819580078,267.3121643066406,2.2779018878936768
146000,62.691383361816406,30.96844482421875,-29.14369773864746,-28.95207977294922,-28.91205596923828,-29.0009765625,-28.988346099853516,1.7174006700515747,0.7916683554649353,0.50390625,103.76939392089844,268.2829895019531,2.2910008430480957
147000,12.017757415771484,27.43323516845703,-29.46609115600586,-29.437061309814453,-29.448368072509766,-29.547527313232422,-29.565227508544922,1.6515320539474487,0.780064582824707,0.4765625,104.04460144042969,269.2593078613281,1.3997223377227783
148000,19.450054168701172,28.165781021118164,-31.04556655883789,-30.994949340820312,-31.052013397216797,-30.74605941772461,-30.738513946533203,1.6104602813720703,0.7820319533348083,0.5078125,104.32302856445312,270.1773681640625,2.2466890811920166
149000,26.193037033081055,27.83193588256836,-30.55246925354004,-30.701250076293945,-30.490917205810547,-30.328739166259766,-30.463382720947266,1.6046059131622314,0.7731233239173889,0.486328125,104.6222152709961,270.9304504394531,2.1960062980651855
150000,20.073810577392578,26.188493728637695,-27.2752628326416,-27.176525115966797,-27.240676879882812,-27.169963836669922,-27.26776885986328,1.7028894424438477,0.7659920454025269,0.4453125,104.89730072021484,271.9198913574219,2.2305800914764404
