step,critic_loss,q1_mean,q2_mean,q_gap,action_abs_mean,action_saturation,actor_weight_norm,critic_weight_norm,actor_grad_norm,actor_loss
6000,25.914377212524414,-3.8009893894195557,-4.0466413497924805,0.7179951667785645,0.7713244557380676,0.341796875,18.841739654541016,45.68461608886719,1.7228360176086426,
7000,20.45928192138672,-1.5103462934494019,-1.5163652896881104,0.7704912424087524,0.8205920457839966,0.3828125,22.36884117126465,49.38298797607422,1.6740671396255493,1.5260603427886963
8000,34.14859390258789,-1.1523408889770508,-1.0986887216567993,0.8464089632034302,0.8027994632720947,0.384765625,24.39415740966797,52.12039566040039,1.7905242443084717,-0.39740973711013794
9000,14.691314697265625,-0.6993560194969177,-1.0982940196990967,0.8180232048034668,0.7716140747070312,0.298828125,26.60320472717285,54.56576919555664,1.7979240417480469,-1.6999948024749756
10000,7.657354354858398,-1.4743866920471191,-1.5685418844223022,0.7667204737663269,0.7972396612167358,0.34375,28.48790740966797,56.186893463134766,1.9116661548614502,-2.7618348598480225
11000,10.86488151550293,1.598184585571289,1.49653959274292,0.7283856272697449,0.7782983183860779,0.3984375,29.946086883544922,57.802127838134766,3.1052725315093994,-3.8819050788879395
12000,10.05319595336914,4.116424560546875,3.8527801036834717,0.9752925634384155,0.7479709386825562,0.384765625,31.063697814941406,59.16978073120117,2.4621529579162598,-6.4446563720703125
13000,10.270700454711914,1.0937503576278687,0.6833246350288391,0.8353486657142639,0.7159333825111389,0.392578125,32.0135383605957,60.78175735473633,1.6703494787216187,-6.595864772796631
14000,22.518386840820312,5.235791206359863,4.852474212646484,0.8692681789398193,0.7446278929710388,0.36328125,33.178958892822266,62.19562911987305,3.066803216934204,-5.930090427398682
15000,11.987733840942383,6.207647800445557,5.798972129821777,0.8367860317230225,0.7804790139198303,0.373046875,34.43191146850586,63.633262634277344,4.020235538482666,-7.299231052398682
16000,8.641120910644531,5.766439437866211,5.728325843811035,0.7862676978111267,0.8134583234786987,0.404296875,35.84385681152344,64.71967315673828,1.6598142385482788,-10.16784954071045
17000,11.669422149658203,5.774923801422119,6.057552337646484,0.8216985464096069,0.8216509819030762,0.4375,37.211605072021484,65.79999542236328,2.878835439682007,-10.748117446899414
18000,6.4583868980407715,6.926709175109863,7.034583568572998,0.7325009703636169,0.7780784368515015,0.421875,38.423377990722656,66.66971588134766,3.4858527183532715,-8.872846603393555
19000,8.119988441467285,4.337587833404541,4.264156818389893,0.7524716258049011,0.7805361747741699,0.41796875,39.515663146972656,67.64983367919922,2.5002641677856445,-9.642221450805664
20000,15.674793243408203,6.484877586364746,6.44704008102417,0.6591215133666992,0.7623189091682434,0.41796875,40.4570426940918,68.6605453491211,2.9685325622558594,-5.517242431640625
21000,23.774024963378906,2.3098387718200684,2.2520508766174316,0.6934055089950562,0.7880198359489441,0.451171875,41.53981399536133,69.61759185791016,2.6461188793182373,-6.961590766906738
22000,13.730024337768555,4.854490280151367,4.7435712814331055,0.8596794009208679,0.8004875183105469,0.419921875,42.71168518066406,70.66905975341797,4.003446102142334,-8.526450157165527
23000,5.35184383392334,3.590529441833496,3.4221558570861816,0.5814476013183594,0.7964601516723633,0.44140625,43.614295959472656,71.71324920654297,4.142229080200195,-6.6762213706970215
24000,10.55030345916748,5.944620132446289,5.772098541259766,0.6751539707183838,0.8094013929367065,0.3828125,44.55342483520508,72.7424087524414,1.3269026279449463,-6.294175148010254
25000,16.508127212524414,6.378421306610107,6.446541786193848,0.6167687177658081,0.786328911781311,0.369140625,45.41730499267578,73.76766967773438,3.212733268737793,-5.409149646759033
26000,11.745656967163086,4.80606746673584,4.792917251586914,0.5508862733840942,0.76493901014328,0.359375,46.46061706542969,74.82299041748047,3.0461511611938477,-5.577053070068359
27000,6.0274457931518555,4.5236029624938965,4.384077072143555,0.7130320072174072,0.7799974083900452,0.38671875,47.424560546875,75.76560974121094,1.907820224761963,-5.252261161804199
28000,5.279244422912598,4.846079349517822,4.424595832824707,0.8250824809074402,0.8034673929214478,0.37109375,48.23561096191406,76.73831939697266,3.224665880203247,-6.836607456207275
29000,11.189019203186035,2.0520429611206055,1.817793846130371,0.7506603002548218,0.8285371661186218,0.435546875,49.02784729003906,77.77649688720703,2.302358627319336,-7.6325483322143555
30000,100.78794860839844,2.7468738555908203,2.348485231399536,0.7812511920928955,0.8176851272583008,0.45703125,49.79289245605469,78.7743911743164,2.320000171661377,-6.176968097686768
31000,7.38667631149292,3.9450509548187256,3.7047364711761475,0.9401580691337585,0.7739676237106323,0.388671875,50.48558807373047,79.66183471679688,3.070228099822998,-7.40340518951416
32000,12.148063659667969,2.4519128799438477,2.473356008529663,0.7731464505195618,0.800750732421875,0.388671875,51.1572151184082,80.51388549804688,2.362969398498535,-7.472846984863281
33000,5.678025245666504,5.618208885192871,5.6523847579956055,0.8185995221138,0.7929016947746277,0.376953125,51.746524810791016,81.42688751220703,1.3020031452178955,-7.057656764984131
34000,12.161033630371094,5.161479473114014,5.18851375579834,0.7166776657104492,0.7694240808486938,0.4296875,52.468238830566406,82.34750366210938,2.1562016010284424,-4.098319053649902
35000,15.679084777832031,5.626021862030029,5.678296089172363,0.7611929178237915,0.7752314805984497,0.416015625,53.17683792114258,83.34213256835938,1.446211814880371,-5.12141752243042
36000,6.036076068878174,3.528364658355713,3.5115585327148438,0.7188850045204163,0.7736272215843201,0.41796875,53.75326919555664,84.29884338378906,2.5061135292053223,-7.773866653442383
37000,9.391618728637695,6.096375942230225,6.1994781494140625,0.6341962218284607,0.7585461139678955,0.39453125,54.327735900878906,85.28459930419922,1.3847172260284424,-6.318843841552734
38000,11.471963882446289,5.69162654876709,5.5787811279296875,0.5946455597877502,0.7888044118881226,0.388671875,55.03404998779297,86.1320571899414,2.251085042953491,-5.721733570098877
39000,18.303176879882812,4.875015735626221,4.954615116119385,0.6679637432098389,0.8183742761611938,0.37890625,55.83464431762695,87.01885223388672,1.5541656017303467,-6.359463691711426
40000,16.55844497680664,4.670024871826172,4.567076206207275,0.5982831716537476,0.8183538913726807,0.41015625,56.564884185791016,88.04329681396484,2.3017382621765137,-5.84326696395874
41000,7.50886344909668,3.4652657508850098,3.5460431575775146,0.7316698431968689,0.7845533490180969,0.3203125,57.19466781616211,89.1166000366211,3.446747303009033,-8.758155822753906
42000,7.502220153808594,4.157447814941406,4.433916091918945,0.7183703184127808,0.7597067356109619,0.3359375,57.75271224975586,90.09248352050781,2.5908308029174805,-3.5596108436584473
43000,29.507688522338867,4.2906646728515625,4.2439866065979,0.5347387790679932,0.775821328163147,0.3671875,58.2398796081543,91.00106048583984,1.8840631246566772,-4.936432361602783
44000,6.9794721603393555,0.40856805443763733,0.45339104533195496,0.7200570106506348,0.7706520557403564,0.34375,58.85423278808594,91.92620849609375,1.4396693706512451,-2.4162230491638184
45000,10.958808898925781,1.170877456665039,0.9720139503479004,0.7913954854011536,0.7948048114776611,0.361328125,59.464324951171875,92.84333801269531,2.569183588027954,-5.091436386108398
46000,10.817469596862793,1.348104476928711,1.2145971059799194,0.7972458600997925,0.8058617115020752,0.36328125,59.989681243896484,93.78186798095703,2.359046459197998,-2.8854243755340576
47000,11.974420547485352,-2.5871784687042236,-2.5116279125213623,0.79746413230896,0.8062052726745605,0.36328125,60.49401092529297,94.60536193847656,2.00468373298645,-2.7545182704925537
48000,11.655335426330566,-0.18065965175628662,-0.30408811569213867,0.7162595987319946,0.8063514232635498,0.427734375,61.1208610534668,95.45645141601562,1.8307207822799683,-4.138173580169678
49000,5.637345790863037,0.1558821201324463,0.01767146587371826,0.7469145655632019,0.8173044323921204,0.470703125,61.75865936279297,96.35591125488281,2.453573703765869,-1.516966462135315
50000,8.163601875305176,3.5963029861450195,3.6747336387634277,0.7388085126876831,0.8139145970344543,0.416015625,62.30952453613281,97.17072296142578,2.1885688304901123,-1.77878737449646
51000,10.421978950500488,-0.7995526790618896,-0.8721998929977417,0.7806681990623474,0.8719015717506409,0.583984375,62.84322738647461,98.00562286376953,1.925982117652893,-1.3493083715438843
52000,4.534225940704346,1.3932647705078125,1.4549764394760132,0.726482629776001,0.8724722862243652,0.5625,63.432464599609375,98.84253692626953,1.4583865404129028,-4.411054611206055
53000,5.552237033843994,0.9661844372749329,0.970829963684082,0.6542913317680359,0.8696966767311096,0.5625,64.071533203125,99.65828704833984,2.0251288414001465,-2.8138718605041504
54000,8.461089134216309,2.1993987560272217,2.005333423614502,0.6570631861686707,0.8590083122253418,0.5546875,64.57568359375,100.45201873779297,2.258435010910034,-3.6103270053863525
55000,5.798722743988037,0.3970800042152405,0.29136335849761963,0.6366697549819946,0.8463971614837646,0.57421875,65.12236785888672,101.2813491821289,1.4685347080230713,-1.8902637958526611
56000,4.654097557067871,-0.13697825372219086,-0.022097334265708923,0.6236546635627747,0.8501299023628235,0.5625,65.58525848388672,102.14483642578125,2.237421751022339,-2.227752208709717
57000,3.4733529090881348,0.05238687992095947,0.0981682538986206,0.6085468530654907,0.8143978118896484,0.447265625,66.02257537841797,102.94855499267578,1.5771135091781616,1.3867698907852173
58000,7.5630717277526855,0.48109012842178345,0.6118137836456299,0.6496632695198059,0.8237496018409729,0.5,66.48531341552734,103.76536560058594,2.39902925491333,-1.3812646865844727
59000,17.006389617919922,0.6569298505783081,0.5375094413757324,0.7431421875953674,0.8372902274131775,0.494140625,67.05488586425781,104.53192138671875,1.7911244630813599,1.9522435665130615
60000,4.55839729309082,-0.36327889561653137,-0.41554880142211914,0.698183000087738,0.7925613522529602,0.421875,67.57850646972656,105.26301574707031,1.6869133710861206,-2.416917562484741
61000,17.956546783447266,1.0823180675506592,1.12579345703125,0.670263409614563,0.8508265018463135,0.5234375,68.06878662109375,105.92127227783203,1.5496705770492554,-0.4496365487575531
62000,2.702946424484253,-2.628824472427368,-2.5560271739959717,0.4960554540157318,0.8266270756721497,0.453125,68.65770721435547,106.66617584228516,1.6330019235610962,1.2555147409439087
63000,5.0167012214660645,-0.21239212155342102,-0.05726432800292969,0.5846973657608032,0.8235408067703247,0.48828125,69.24176025390625,107.4614028930664,2.1660094261169434,-1.5924733877182007
64000,7.158627510070801,0.1820332407951355,0.3543216586112976,0.6199719309806824,0.8536104559898376,0.53515625,69.790283203125,108.2735366821289,2.3023855686187744,-1.8733017444610596
65000,8.559757232666016,-1.6848758459091187,-1.8832292556762695,0.6549559235572815,0.8573784232139587,0.515625,70.28683471679688,109.0564193725586,2.1788532733917236,0.9076058864593506
66000,8.342086791992188,-1.7556484937667847,-2.1481940746307373,0.6760449409484863,0.8114324808120728,0.435546875,70.71525573730469,109.81307220458984,1.311697006225586,-0.8470396995544434
67000,5.481942653656006,-3.0428626537323,-3.0584781169891357,0.6195465326309204,0.8112040758132935,0.39453125,71.09050750732422,110.57923889160156,2.496807336807251,-0.5569587349891663
68000,5.776264667510986,-2.0302438735961914,-1.9150238037109375,0.6623400449752808,0.8056566119194031,0.380859375,71.49302673339844,111.40460205078125,1.8021984100341797,0.06337195634841919
69000,13.894145965576172,-3.6736268997192383,-3.6300907135009766,0.48253923654556274,0.7857413291931152,0.34375,71.86707305908203,112.09403991699219,1.6251307725906372,2.1987781524658203
70000,10.797343254089355,-2.056427001953125,-2.1152591705322266,0.6640270352363586,0.7650704979896545,0.328125,72.35270690917969,112.80314636230469,2.431196928024292,1.0939600467681885
71000,11.51052188873291,-2.086554527282715,-2.0349576473236084,0.5927531719207764,0.7453842163085938,0.287109375,72.80562591552734,113.60433959960938,2.1618130207061768,0.9422892332077026
72000,12.724807739257812,-0.6488908529281616,-0.9823097586631775,0.6549494862556458,0.7774361968040466,0.3515625,73.2252426147461,114.4227523803711,1.7854923009872437,1.168398141860962
73000,2.509861469268799,-2.552527904510498,-2.573469877243042,0.5644334554672241,0.779364824295044,0.36328125,73.69556427001953,115.17699432373047,1.6049983501434326,5.229795932769775
74000,4.178254127502441,-0.7894692420959473,-1.0412111282348633,0.6790183186531067,0.7886607646942139,0.37109375,74.18069458007812,115.93696594238281,1.2433334589004517,1.0089741945266724
75000,2.326817035675049,-3.402576208114624,-3.2657670974731445,0.6321189999580383,0.7555858492851257,0.34765625,74.60771179199219,116.72932434082031,1.9744350910186768,0.15167075395584106
76000,42.35027313232422,-3.9275708198547363,-4.1089606285095215,0.7155512571334839,0.7541413903236389,0.322265625,75.06485748291016,117.44898986816406,1.5698496103286743,0.30937421321868896
77000,3.340785026550293,-2.183095932006836,-1.9437012672424316,0.6299488544464111,0.8024285435676575,0.4140625,75.58457946777344,118.05300903320312,1.5048595666885376,2.65781307220459
78000,3.866206169128418,-3.092341423034668,-3.0700700283050537,0.5437626242637634,0.8001804351806641,0.373046875,76.07366943359375,118.7931137084961,1.2289738655090332,2.076730728149414
79000,69.03079223632812,-1.04561448097229,-1.4674525260925293,0.6368885636329651,0.7855656147003174,0.359375,76.52197265625,119.5343017578125,2.4889228343963623,2.203939437866211
80000,10.668905258178711,-2.4515366554260254,-2.305842638015747,0.5208315849304199,0.7755699753761292,0.3671875,76.93562316894531,120.2623291015625,1.2552781105041504,1.592299222946167
81000,3.2238059043884277,-5.035886764526367,-4.959996700286865,0.6895634531974792,0.7584757804870605,0.33984375,77.42121887207031,121.00148010253906,1.7350386381149292,2.1884453296661377
82000,4.317452430725098,-2.7595667839050293,-2.8649559020996094,0.5366078019142151,0.8020445108413696,0.345703125,77.83052825927734,121.6810531616211,1.2286100387573242,5.123769283294678
83000,6.344381332397461,-3.7442798614501953,-3.864419937133789,0.6129882335662842,0.7855688333511353,0.32421875,78.2042236328125,122.39262390136719,2.302797317504883,3.4215686321258545
84000,3.1524157524108887,-2.7299070358276367,-2.7162418365478516,0.5733400583267212,0.7866001129150391,0.3203125,78.54309844970703,123.13348388671875,1.5068219900131226,1.9074716567993164
85000,3.603982925415039,-0.9924262762069702,-1.0328316688537598,0.5423876047134399,0.8023655414581299,0.388671875,78.89450073242188,123.8736572265625,1.7988663911819458,1.4789044857025146
86000,3.663867950439453,-4.06955099105835,-3.998340606689453,0.7443705201148987,0.7790137529373169,0.345703125,79.28466796875,124.5478286743164,1.437445878982544,1.597427248954773
87000,3.3612427711486816,-1.1087666749954224,-1.1953068971633911,0.5914416313171387,0.7906405329704285,0.359375,79.67774963378906,125.33213806152344,1.7877185344696045,1.7192200422286987
88000,2.868974208831787,-1.9932472705841064,-2.025728702545166,0.5218750238418579,0.7539311647415161,0.33203125,79.9808349609375,125.91909790039062,1.5780590772628784,-0.6599229574203491
89000,1.9255949258804321,-4.255594730377197,-4.357121467590332,0.5768642425537109,0.807502031326294,0.396484375,80.31597900390625,126.48562622070312,2.799499034881592,0.36553341150283813
90000,3.610140800476074,-2.9623806476593018,-3.205343008041382,0.5986019372940063,0.8049473166465759,0.396484375,80.68389129638672,127.22746276855469,1.7251718044281006,1.925484299659729
91000,6.78977108001709,-3.418555498123169,-3.173290252685547,0.5620422959327698,0.7938271164894104,0.3828125,81.1003646850586,127.93700408935547,0.9763704538345337,2.269474983215332
92000,3.998086452484131,-3.7251131534576416,-3.695789337158203,0.6312044858932495,0.7821931838989258,0.369140625,81.49767303466797,128.6629180908203,1.2784639596939087,1.8887228965759277
93000,3.0716519355773926,-1.0133957862854004,-0.9732939600944519,0.5033986568450928,0.7926381826400757,0.359375,81.92084503173828,129.36158752441406,1.9221775531768799,2.181550979614258
94000,14.419954299926758,-5.541275978088379,-5.5322370529174805,0.5578247904777527,0.8213955163955688,0.419921875,82.42806243896484,130.05233764648438,1.5146684646606445,2.659700632095337
95000,4.301089286804199,-4.765219688415527,-4.977348327636719,0.6667712330818176,0.8056976199150085,0.388671875,82.83846282958984,130.72903442382812,1.4150114059448242,0.6374809741973877
96000,12.086197853088379,-0.5094994306564331,-0.47642967104911804,0.5624383687973022,0.8497484922409058,0.529296875,83.23796081542969,131.3986053466797,0.9252532720565796,1.4391449689865112
97000,64.57939910888672,-5.905195236206055,-5.815741539001465,0.5985641479492188,0.8403948545455933,0.49609375,83.64216613769531,132.0583038330078,1.9810409545898438,1.4993358850479126
98000,4.023464679718018,-7.046289443969727,-6.981863021850586,0.5187355875968933,0.8407410383224487,0.5,84.09290313720703,132.6773223876953,1.234146237373352,4.16771936416626
99000,2.644843339920044,-4.797510623931885,-4.69509220123291,0.48420271277427673,0.8378040790557861,0.5390625,84.47909545898438,133.31552124023438,1.3657628297805786,2.406769275665283
100000,9.298234939575195,-3.46451997756958,-3.636301040649414,0.5991291999816895,0.8534693121910095,0.5078125,84.84136962890625,133.8992462158203,1.2634282112121582,3.531750202178955
101000,3.104339599609375,-3.4345359802246094,-3.4723243713378906,0.4934283196926117,0.8454399108886719,0.4921875,85.16835021972656,134.5813751220703,1.186265230178833,3.756511688232422
102000,3.5421032905578613,-5.275155067443848,-5.428592681884766,0.5365318655967712,0.8158849477767944,0.455078125,85.48009490966797,135.19679260253906,1.6882715225219727,2.7788009643554688
103000,1.9713029861450195,-5.4429802894592285,-5.446604251861572,0.4301718771457672,0.8310397267341614,0.43359375,85.84539794921875,135.8374481201172,1.346414566040039,3.6495893001556396
104000,4.300491809844971,-5.583559036254883,-5.517096042633057,0.5150918960571289,0.8152658939361572,0.4296875,86.20674896240234,136.54470825195312,1.3819143772125244,4.768586158752441
105000,5.796297073364258,-4.8840651512146,-4.899614334106445,0.514533519744873,0.842151939868927,0.48828125,86.62633514404297,137.1735382080078,1.740790843963623,6.873685359954834
106000,2.5567007064819336,-5.601553440093994,-5.694129943847656,0.5030964612960815,0.8357411623001099,0.455078125,87.00874328613281,137.74615478515625,1.1644760370254517,4.961282730102539
107000,3.8971405029296875,-6.519599437713623,-6.335693359375,0.5598039627075195,0.8179854154586792,0.462890625,87.3524398803711,138.3753662109375,1.106566309928894,4.960497856140137
108000,3.597982883453369,-7.251293182373047,-7.365532875061035,0.5411068797111511,0.8488979339599609,0.470703125,87.72608184814453,139.01495361328125,1.4368276596069336,5.0834126472473145
109000,2.2137932777404785,-7.36529016494751,-7.202707290649414,0.5476030111312866,0.750434160232544,0.275390625,88.03340148925781,139.55274963378906,1.4910132884979248,7.218177318572998
110000,3.1095330715179443,-5.194579124450684,-5.173295497894287,0.616320788860321,0.7452083230018616,0.322265625,88.33472442626953,140.0359649658203,0.9616426229476929,4.406034469604492
111000,5.00200080871582,-5.530135631561279,-5.789067268371582,0.6356454491615295,0.8008606433868408,0.35546875,88.59661865234375,140.63873291015625,1.0990068912506104,6.654972076416016
112000,7.848855495452881,-7.035712242126465,-7.155894756317139,0.4904216527938843,0.7669987678527832,0.3515625,88.8874282836914,141.30111694335938,1.1633386611938477,3.295820713043213
113000,2.7052559852600098,-6.170228481292725,-6.207489013671875,0.5142549276351929,0.7722349166870117,0.375,89.1943588256836,141.8729248046875,1.822461485862732,6.192203998565674
114000,5.466418266296387,-6.493005275726318,-6.465846061706543,0.5200273990631104,0.791671872138977,0.412109375,89.50051879882812,142.34088134765625,1.1539534330368042,4.107051849365234
115000,1.8350934982299805,-6.466691017150879,-6.4564619064331055,0.44751521944999695,0.7778147459030151,0.330078125,89.81259155273438,142.950439453125,1.6422549486160278,5.866842746734619
116000,3.0613818168640137,-4.8181586265563965,-4.729733943939209,0.564566969871521,0.8026294112205505,0.392578125,90.08671569824219,143.6005096435547,1.2993907928466797,4.071516036987305
117000,1.7437093257904053,-5.616659164428711,-5.546457290649414,0.48689964413642883,0.7710829377174377,0.34375,90.36701965332031,144.19566345214844,0.9236153960227966,5.730402946472168
118000,1.8793165683746338,-6.003459930419922,-6.132025241851807,0.4313274025917053,0.7680811882019043,0.322265625,90.6606216430664,144.89015197753906,0.9523130059242249,5.247843265533447
119000,2.2309982776641846,-6.727489948272705,-6.629011154174805,0.4129253923892975,0.7731260061264038,0.349609375,90.90977478027344,145.4958038330078,1.2341334819793701,5.271249294281006
120000,4.317246913909912,-5.41055965423584,-5.396899223327637,0.4265785217285156,0.7350940108299255,0.2890625,91.14421081542969,146.08023071289062,2.129694938659668,5.79505729675293
121000,4.573060989379883,-5.604794502258301,-5.661138534545898,0.4735391438007355,0.7650060057640076,0.345703125,91.33258819580078,146.7481689453125,0.8067027926445007,3.2537407875061035
122000,3.524279832839966,-4.965930938720703,-5.035959720611572,0.4237293303012848,0.7529086470603943,0.28125,91.5345687866211,147.24984741210938,1.1793439388275146,3.829533576965332
123000,2.262960910797119,-5.795910835266113,-5.685237407684326,0.3948971927165985,0.7272849678993225,0.2421875,91.82392883300781,147.8477783203125,1.334391713142395,5.127635955810547
124000,1.3376110792160034,-4.712801933288574,-4.559139728546143,0.5595752596855164,0.7581279873847961,0.296875,92.11798858642578,148.37332153320312,1.210227370262146,3.963948965072632
125000,1.3183648586273193,-4.771695137023926,-4.677943706512451,0.4326564371585846,0.762752890586853,0.326171875,92.41061401367188,149.09454345703125,0.9568027853965759,5.354958534240723
126000,1.7989187240600586,-3.9090683460235596,-3.9576640129089355,0.5006123781204224,0.7338794469833374,0.283203125,92.71693420410156,149.675048828125,1.2986361980438232,3.7077622413635254
127000,2.184544324874878,-4.018445014953613,-4.0304670333862305,0.43398499488830566,0.7574289441108704,0.341796875,93.05894470214844,150.30819702148438,1.4324030876159668,1.6791579723358154
128000,2.73773455619812,-4.683778762817383,-4.545434474945068,0.5348063707351685,0.7790258526802063,0.34765625,93.38524627685547,150.8948516845703,0.984128475189209,4.333288192749023
129000,5.97343635559082,-5.180103302001953,-5.111706256866455,0.373818039894104,0.7462472915649414,0.322265625,93.71354675292969,151.54920959472656,0.7801169753074646,3.8939435482025146
130000,4.507506370544434,-3.0934457778930664,-3.3745274543762207,0.5672303438186646,0.7936646938323975,0.3984375,94.07311248779297,152.2958221435547,1.5139119625091553,2.4001829624176025
131000,2.5457763671875,-5.5853424072265625,-5.748904228210449,0.4802335500717163,0.7694239616394043,0.3046875,94.440185546875,152.93988037109375,0.8008771538734436,1.889634370803833
132000,6.147605895996094,-7.0181565284729,-7.123745918273926,0.6597709059715271,0.8123259544372559,0.380859375,94.8180923461914,153.57705688476562,1.2273439168930054,5.2235283851623535
133000,1.8015209436416626,-5.284664630889893,-5.276115894317627,0.4381152093410492,0.8050909638404846,0.39453125,95.19276428222656,154.19505310058594,1.085496425628662,4.246024131774902
134000,4.349520683288574,-5.401749134063721,-5.239160537719727,0.4689730107784271,0.8298677802085876,0.40234375,95.54769897460938,154.8976287841797,0.8455232381820679,5.0960211753845215
135000,5.26149845123291,-5.830692768096924,-5.670551300048828,0.4543120563030243,0.8119081854820251,0.361328125,95.87828826904297,155.47738647460938,1.7371691465377808,5.4869537353515625
136000,3.058730125427246,-6.456441879272461,-6.485857963562012,0.5359030961990356,0.8292012214660645,0.400390625,96.2606430053711,156.02484130859375,1.2145239114761353,6.033012866973877
137000,15.195430755615234,-4.28554630279541,-4.266066551208496,0.46003884077072144,0.8193203210830688,0.421875,96.64473724365234,156.5989532470703,1.2875972986221313,4.701926231384277
138000,4.154613018035889,-3.9798073768615723,-3.9934091567993164,0.46529942750930786,0.817659318447113,0.359375,96.97044372558594,157.25975036621094,3.5009539127349854,5.917825222015381
139000,2.303743362426758,-3.2254257202148438,-3.1493282318115234,0.5782327651977539,0.8146271705627441,0.396484375,97.34617614746094,157.81240844726562,1.1402696371078491,7.408334732055664
140000,2.500865936279297,-5.534879684448242,-5.6445088386535645,0.5597324371337891,0.8140373229980469,0.458984375,97.67433166503906,158.2418670654297,1.3956427574157715,5.901472568511963
141000,1.5878489017486572,-5.431527614593506,-5.40400505065918,0.5297263264656067,0.8276764154434204,0.431640625,97.97630310058594,158.6049041748047,0.9077075123786926,4.134120941162109
142000,4.020678997039795,-4.7308349609375,-4.7649641036987305,0.5151829123497009,0.8441890478134155,0.49609375,98.25016021728516,159.23619079589844,1.0607455968856812,4.283604145050049
143000,25.05325698852539,-5.016374111175537,-4.896316051483154,0.4912872314453125,0.8303582668304443,0.505859375,98.50836944580078,159.8473663330078,1.540447473526001,4.493112564086914
144000,14.301606178283691,-4.593175411224365,-4.530747413635254,0.5144333243370056,0.8343955278396606,0.431640625,98.78883361816406,160.49391174316406,1.8375388383865356,5.2966532707214355
145000,2.0455281734466553,-5.020227432250977,-4.98591947555542,0.5949327349662781,0.8310133218765259,0.470703125,99.04459381103516,161.13363647460938,1.0573502779006958,3.6000595092773438
146000,3.865130662918091,-5.327360153198242,-5.286799430847168,0.46333056688308716,0.8078587055206299,0.43359375,99.26664733886719,161.65904235839844,1.0312442779541016,3.5186822414398193
147000,3.9184648990631104,-6.31295108795166,-6.416874408721924,0.45915716886520386,0.8191957473754883,0.484375,99.55203247070312,162.2072296142578,0.7962875366210938,3.3835105895996094
148000,2.1581029891967773,-3.5929832458496094,-3.57035231590271,0.5297392010688782,0.8144553303718567,0.45703125,99.8860092163086,162.7966766357422,1.178574800491333,6.180980205535889
149000,28.51284408569336,-5.94307804107666,-5.908414840698242,0.46770769357681274,0.787949800491333,0.435546875,100.19763946533203,163.39602661132812,1.0249742269515991,3.4186623096466064
150000,28.05147933959961,-3.1922061443328857,-3.3671493530273438,0.48844102025032043,0.7925201058387756,0.439453125,100.48399353027344,164.00979614257812,1.9166842699050903,3.638908863067627
151000,5.2034502029418945,-3.0300848484039307,-3.0636863708496094,0.5139912366867065,0.8139888048171997,0.4375,100.83716583251953,164.56918334960938,1.5384464263916016,3.0256481170654297
152000,7.141549587249756,-4.582303047180176,-4.538997650146484,0.5119330286979675,0.7843033671379089,0.419921875,101.12106323242188,165.0773162841797,1.4074978828430176,3.593543291091919
153000,77.22753143310547,-4.230298042297363,-4.204358100891113,0.47090575098991394,0.855310320854187,0.53125,101.54756927490234,165.7243194580078,1.1468181610107422,3.5166823863983154
154000,3.590226173400879,-4.355108737945557,-4.574684143066406,0.5203657746315002,0.8504250645637512,0.53515625,101.93598937988281,166.3667449951172,2.2522525787353516,3.2347280979156494
155000,5.342512130737305,-3.199050188064575,-3.3522043228149414,0.5407799482345581,0.8620557188987732,0.6171875,102.27949523925781,167.01625061035156,1.2557705640792847,0.7611747980117798
156000,5.297232627868652,-2.924154281616211,-2.9455301761627197,0.5478870272636414,0.8596386909484863,0.552734375,102.7424545288086,167.68040466308594,1.7133831977844238,3.5274953842163086
157000,4.041121006011963,-3.7331390380859375,-3.7748007774353027,0.5509568452835083,0.8613390922546387,0.544921875,103.1604995727539,168.37734985351562,1.60177481174469,2.7852187156677246
158000,22.732669830322266,-2.988119602203369,-2.994270086288452,0.5440865755081177,0.8327093124389648,0.5078125,103.5350341796875,168.9819793701172,1.6907986402511597,1.6175223588943481
159000,4.093631744384766,-4.778202533721924,-4.8280930519104,0.47138240933418274,0.8275007605552673,0.53125,103.90531921386719,169.49114990234375,1.3764950037002563,1.667977213859558
160000,5.651880264282227,-3.3151588439941406,-3.286465644836426,0.5498857498168945,0.8668949604034424,0.5546875,104.24372100830078,170.15115356445312,1.1087796688079834,1.7935277223587036
161000,3.697112560272217,-1.5359055995941162,-1.3292433023452759,0.5809352397918701,0.8001680374145508,0.431640625,104.63877868652344,170.7181854248047,1.2333146333694458,1.79019296169281
162000,5.181255340576172,-4.903802394866943,-4.713073253631592,0.531218409538269,0.8533907532691956,0.556640625,104.97403717041016,171.32720947265625,1.130186915397644,2.6824965476989746
163000,58.936370849609375,1.245591402053833,1.3382660150527954,0.6374297142028809,0.8101373910903931,0.4609375,105.31099700927734,171.99630737304688,1.1940617561340332,0.7544118165969849
164000,2.043280839920044,-2.1708366870880127,-2.0125787258148193,0.5856266021728516,0.8160582184791565,0.48828125,105.6326675415039,172.6048583984375,1.0907601118087769,0.8355962038040161
165000,37.41370391845703,-1.746038556098938,-1.7359299659729004,0.6673370599746704,0.8194658160209656,0.505859375,105.9094009399414,173.1158447265625,1.2021759748458862,1.5662916898727417
166000,1.7896252870559692,-0.5952699184417725,-0.5222516059875488,0.5608395934104919,0.7822679877281189,0.42578125,106.21652221679688,173.71746826171875,1.4433411359786987,0.1473158299922943
167000,4.666077613830566,0.947447657585144,0.910057544708252,0.59299236536026,0.8018676042556763,0.455078125,106.49124908447266,174.39260864257812,1.2771027088165283,-1.0186421871185303
168000,2.3111653327941895,-0.7817983627319336,-0.8612797260284424,0.6020926237106323,0.8494789600372314,0.5234375,106.81818389892578,175.0546875,0.9371115565299988,-2.6723341941833496
169000,3.5962986946105957,-0.3401085436344147,-0.12505590915679932,0.6982482671737671,0.8531661033630371,0.533203125,107.13966369628906,175.7353973388672,1.0581223964691162,-2.4201302528381348
170000,4.803682804107666,0.8975033760070801,1.021763801574707,0.6308808326721191,0.8332394957542419,0.474609375,107.46756744384766,176.25875854492188,1.2903019189834595,-1.5677586793899536
171000,3.3691067695617676,-1.244389295578003,-1.0835307836532593,0.610464870929718,0.820444643497467,0.439453125,107.84468841552734,176.84425354003906,1.415031909942627,-1.215946912765503
172000,16.172531127929688,1.3363935947418213,1.315125584602356,0.7867174744606018,0.8231944441795349,0.435546875,108.24855041503906,177.3399200439453,1.7412073612213135,-1.9324344396591187
173000,4.109641075134277,2.6007144451141357,2.5851051807403564,0.6154609322547913,0.8455953001976013,0.451171875,108.56243896484375,177.9446563720703,1.4074437618255615,-3.011322259902954
174000,3.8143558502197266,4.079610347747803,3.8555331230163574,0.6446990370750427,0.8270666003227234,0.455078125,108.88577270507812,178.5555877685547,1.5089088678359985,-1.9536662101745605
175000,13.631789207458496,2.5126121044158936,2.4257233142852783,0.6410790681838989,0.7988016605377197,0.45703125,109.17280578613281,179.07923889160156,1.7910048961639404,-4.680049896240234
176000,8.4786376953125,1.6377744674682617,1.705125331878662,0.5968109369277954,0.8330265879631042,0.447265625,109.40324401855469,179.72146606445312,1.1813857555389404,-3.8780198097229004
177000,2.670382499694824,1.4162464141845703,1.4535764455795288,0.6784568428993225,0.8532552719116211,0.4921875,109.64488220214844,180.2881317138672,2.061091899871826,-2.9118266105651855
178000,25.625335693359375,1.23074471950531,1.2241175174713135,0.6535110473632812,0.8239009380340576,0.494140625,109.94469451904297,180.90194702148438,1.6227093935012817,-2.877596378326416
179000,5.864164352416992,4.481493949890137,4.44193172454834,0.7442659735679626,0.8023495674133301,0.462890625,110.27406311035156,181.38040161132812,1.293591022491455,-3.565703868865967
180000,9.46931266784668,2.0326359272003174,1.9923123121261597,0.643334150314331,0.7940455079078674,0.435546875,110.49312591552734,181.99713134765625,1.458730936050415,-6.669559955596924
181000,3.169004440307617,6.92341423034668,6.73859167098999,0.7105817794799805,0.7588666677474976,0.37890625,110.74447631835938,182.5878143310547,1.61355459690094,-5.729639053344727
182000,4.706328868865967,4.6028056144714355,4.716340065002441,0.7351551651954651,0.8449505567550659,0.5,111.02729034423828,183.24539184570312,1.7362076044082642,-5.175065994262695
183000,4.112495422363281,5.328164100646973,5.386620998382568,0.7828248143196106,0.8002194166183472,0.455078125,111.31884765625,183.87741088867188,1.9490078687667847,-5.258252143859863
184000,7.8149495124816895,6.710533142089844,6.831334590911865,0.7588582038879395,0.7961305975914001,0.3984375,111.54755401611328,184.3678741455078,1.3448771238327026,-7.968730449676514
185000,31.15471649169922,6.665696144104004,6.655021667480469,0.6986474394798279,0.7874853610992432,0.392578125,111.76868438720703,184.96539306640625,1.4796558618545532,-6.503610610961914
186000,7.425475120544434,3.283130168914795,3.5880126953125,0.735500156879425,0.7762266397476196,0.412109375,111.96553802490234,185.55780029296875,2.321359395980835,-5.166157245635986
187000,5.51507568359375,4.852956771850586,4.957871437072754,0.7016408443450928,0.7836131453514099,0.400390625,112.20553588867188,186.19418334960938,2.813768148422241,-9.245079040527344
188000,12.20033073425293,5.2405266761779785,5.37439489364624,0.8244079351425171,0.7795934081077576,0.37890625,112.48294067382812,186.79962158203125,1.7498033046722412,-7.58526086807251
189000,4.509260177612305,8.111141204833984,8.15650463104248,0.7722575068473816,0.7639902830123901,0.38671875,112.78743743896484,187.36773681640625,1.6100080013275146,-8.394652366638184
190000,7.79278564453125,7.346463680267334,7.234875202178955,0.8163846731185913,0.7747339606285095,0.408203125,113.07780456542969,187.9379119873047,1.4268120527267456,-8.183675765991211
191000,3.9634902477264404,6.252309799194336,6.279234886169434,0.7104802131652832,0.8052231669425964,0.466796875,113.35033416748047,188.6070098876953,1.5562187433242798,-7.284989356994629
192000,9.807043075561523,6.501720428466797,6.345620155334473,0.773405134677887,0.8064337968826294,0.439453125,113.59630584716797,189.22962951660156,1.5144069194793701,-6.9031243324279785
193000,5.229885101318359,6.479607582092285,6.5068817138671875,0.7915700078010559,0.8145965933799744,0.427734375,113.85794830322266,189.86709594726562,2.3663697242736816,-6.619155406951904
194000,8.906009674072266,8.232121467590332,8.31861686706543,0.7231847047805786,0.8144456744194031,0.45703125,114.08589172363281,190.45526123046875,1.949683666229248,-8.389839172363281
195000,6.5066680908203125,7.396904945373535,7.42781925201416,0.7506987452507019,0.7840598821640015,0.419921875,114.33221435546875,191.12916564941406,1.9843477010726929,-7.025495529174805
196000,3.7419726848602295,5.822518348693848,5.699591636657715,0.8793240189552307,0.7886649370193481,0.41796875,114.56688690185547,191.7324676513672,1.366820216178894,-9.690594673156738
197000,5.0005645751953125,7.699754238128662,7.814400672912598,0.6912426352500916,0.8142529129981995,0.4296875,114.83600616455078,192.27479553222656,2.4743313789367676,-7.703432559967041
198000,5.032684326171875,8.635010719299316,8.496973991394043,0.6811220645904541,0.7751233577728271,0.357421875,115.16378021240234,192.84690856933594,2.418694019317627,-8.175711631774902
199000,8.60915756225586,9.915082931518555,10.29706859588623,0.8872853517532349,0.777064859867096,0.41015625,115.48143005371094,193.51519775390625,1.7472018003463745,-10.366767883300781
200000,7.062553405761719,8.714679718017578,8.746907234191895,0.7001004219055176,0.7997590899467468,0.41015625,115.74763488769531,194.13796997070312,1.7864923477172852,-8.440245628356934
201000,7.372612476348877,6.958765029907227,7.085124969482422,0.8281195163726807,0.822816789150238,0.439453125,116.02783203125,194.69680786132812,2.2053399085998535,-9.821120262145996
202000,59.3073616027832,8.847944259643555,9.010763168334961,0.7192131280899048,0.8217226266860962,0.4765625,116.35287475585938,195.35475158691406,2.410430908203125,-10.661955833435059
203000,7.850734710693359,9.363771438598633,9.569398880004883,0.8013250231742859,0.8169857859611511,0.435546875,116.64161682128906,195.94309997558594,2.893512487411499,-13.037816047668457
204000,43.173343658447266,11.187516212463379,11.17180061340332,0.8202854990959167,0.8101171851158142,0.38671875,116.93484497070312,196.64324951171875,2.9320974349975586,-11.471622467041016
205000,8.64204216003418,11.102212905883789,11.005229949951172,0.8007394075393677,0.811917781829834,0.41796875,117.15154266357422,197.22772216796875,1.559791922569275,-8.861377716064453
206000,13.949350357055664,11.555673599243164,11.720438957214355,0.7537692189216614,0.7899197340011597,0.361328125,117.4083480834961,197.7924346923828,4.827217102050781,-11.596728324890137
207000,10.849117279052734,9.460653305053711,9.685371398925781,0.8680002093315125,0.7923001646995544,0.4140625,117.66336059570312,198.28533935546875,1.710524320602417,-12.603492736816406
208000,60.12706756591797,7.340635299682617,7.547163963317871,0.8626759648323059,0.8129640817642212,0.40625,117.92993927001953,198.8256072998047,2.177342653274536,-10.771451950073242
209000,49.201751708984375,8.239986419677734,8.152434349060059,0.8598803281784058,0.8303114175796509,0.451171875,118.20958709716797,199.3783721923828,1.517127513885498,-11.896482467651367
210000,38.52455139160156,12.054274559020996,12.198826789855957,0.9146813154220581,0.8088374733924866,0.408203125,118.45079803466797,199.87327575683594,2.436885118484497,-12.20762825012207
211000,5.379402160644531,14.1748046875,14.246973991394043,0.8343156576156616,0.8423680067062378,0.458984375,118.73314666748047,200.48226928710938,3.9077394008636475,-14.491910934448242
212000,5.360042572021484,12.73863410949707,12.743837356567383,0.877055823802948,0.8147960305213928,0.416015625,119.00338745117188,201.00047302246094,1.3787728548049927,-14.28553581237793
213000,11.969350814819336,10.127298355102539,10.170279502868652,0.8473727703094482,0.8215341567993164,0.451171875,119.27409362792969,201.5923309326172,1.5523673295974731,-13.0106201171875
214000,6.1707329750061035,12.492561340332031,12.391079902648926,0.7767659425735474,0.8405474424362183,0.453125,119.49337768554688,202.3017578125,1.96621572971344,-11.78878116607666
215000,79.90977478027344,13.575130462646484,13.59356689453125,0.8068749904632568,0.8329597115516663,0.48828125,119.75865936279297,202.8893585205078,1.5381914377212524,-13.61667251586914
216000,39.89342498779297,13.784266471862793,13.881401062011719,0.76752769947052,0.8460281491279602,0.458984375,120.00961303710938,203.6309356689453,2.7757527828216553,-12.492918968200684
217000,141.99644470214844,11.719799995422363,11.68490982055664,0.8561883568763733,0.841889500617981,0.453125,120.26554107666016,204.21282958984375,1.6758545637130737,-13.186738014221191
218000,6.803526878356934,7.81259822845459,7.847607612609863,0.7874406576156616,0.8533118963241577,0.5078125,120.52677917480469,204.82029724121094,2.0167276859283447,-12.760429382324219
219000,24.924455642700195,14.850337982177734,15.010488510131836,0.8343249559402466,0.8047154545783997,0.4140625,120.79546356201172,205.45977783203125,2.2631866931915283,-12.893918991088867
220000,6.163778781890869,13.090286254882812,13.332893371582031,0.9046015739440918,0.7878075838088989,0.396484375,121.12430572509766,206.07525634765625,1.777999758720398,-9.91743278503418
221000,54.219268798828125,12.14852523803711,12.120001792907715,0.9948604702949524,0.8051584362983704,0.44140625,121.41151428222656,206.74172973632812,1.882874846458435,-13.116453170776367
222000,10.487859725952148,10.667844772338867,10.78559684753418,0.7959128022193909,0.8332679271697998,0.44140625,121.67909240722656,207.36691284179688,2.398301601409912,-12.636175155639648
223000,22.738967895507812,14.572674751281738,14.5423002243042,0.9935551285743713,0.820085883140564,0.447265625,121.90399932861328,207.92376708984375,2.194766044616699,-14.482475280761719
224000,23.114967346191406,14.3111572265625,14.297986030578613,1.0292190313339233,0.8371022939682007,0.5,122.19866180419922,208.4951629638672,2.058980941772461,-13.69388484954834
225000,9.837926864624023,13.24919319152832,13.223207473754883,0.9535998702049255,0.8207845091819763,0.46875,122.51516723632812,209.19049072265625,2.2291648387908936,-9.883069038391113
226000,5.098670482635498,11.96894645690918,11.895662307739258,0.8768613338470459,0.8252130746841431,0.47265625,122.7511215209961,209.7505645751953,2.600292921066284,-11.5687894821167
227000,8.087458610534668,12.844842910766602,12.825237274169922,0.9741196036338806,0.8048881888389587,0.455078125,123.02728271484375,210.24647521972656,2.08979868888855,-13.71450424194336
228000,6.576921463012695,13.389021873474121,13.444162368774414,1.0379891395568848,0.8213878870010376,0.51171875,123.28654479980469,210.77174377441406,1.8899211883544922,-11.911981582641602
229000,21.858264923095703,15.617904663085938,15.664485931396484,0.8834556937217712,0.8152855634689331,0.478515625,123.50862884521484,211.26858520507812,2.384126663208008,-16.443288803100586
230000,12.91353988647461,12.541986465454102,12.970952987670898,1.0615712404251099,0.8242835998535156,0.49609375,123.7319564819336,211.7652587890625,2.9316792488098145,-14.641010284423828
231000,6.724820137023926,12.522326469421387,12.542093276977539,0.9576016664505005,0.8351846933364868,0.482421875,123.98213195800781,212.29617309570312,3.110044479370117,-14.739541053771973
232000,33.93412780761719,18.835796356201172,18.73004913330078,0.885119616985321,0.8246428966522217,0.42578125,124.2311782836914,212.80361938476562,3.331374406814575,-12.959402084350586
233000,22.89849281311035,14.41169261932373,14.444345474243164,0.953172504901886,0.8208575248718262,0.50390625,124.47400665283203,213.3394317626953,2.6716010570526123,-18.83070182800293
234000,44.26265335083008,15.33767032623291,15.402376174926758,1.0401405096054077,0.8180839419364929,0.490234375,124.7314453125,213.89224243164062,1.9443693161010742,-16.696521759033203
235000,97.84632873535156,14.269948959350586,14.54889965057373,1.015811562538147,0.8211183547973633,0.49609375,125.00614929199219,214.43008422851562,2.8611249923706055,-16.030838012695312
236000,5.169447898864746,16.067237854003906,15.979850769042969,1.0006181001663208,0.8490434885025024,0.53515625,125.26544189453125,214.8954620361328,3.5600497722625732,-16.588665008544922
237000,48.625160217285156,15.018322944641113,14.872386932373047,0.9365488290786743,0.8218425512313843,0.513671875,125.5582504272461,215.3355712890625,3.458698272705078,-19.685077667236328
238000,17.890920639038086,14.767923355102539,14.888484954833984,1.0367032289505005,0.7885559797286987,0.45703125,125.79694366455078,215.7953643798828,1.942993402481079,-19.64892578125
239000,14.38357162475586,18.558982849121094,18.742738723754883,0.9329551458358765,0.812644898891449,0.47265625,126.04295349121094,216.23228454589844,3.8605427742004395,-17.296260833740234
240000,12.877406120300293,16.0426082611084,16.093231201171875,1.1327803134918213,0.8315438628196716,0.513671875,126.32610321044922,216.659423828125,1.6351675987243652,-19.888225555419922
241000,55.86563491821289,14.687456130981445,14.921211242675781,0.9606878757476807,0.838416576385498,0.55078125,126.57369995117188,217.18899536132812,3.5500829219818115,-17.191394805908203
242000,44.50556182861328,16.783254623413086,16.781150817871094,0.9028019309043884,0.8096891641616821,0.48828125,126.82402038574219,217.7685546875,2.6684041023254395,-15.652791976928711
243000,9.851953506469727,17.175498962402344,16.779422760009766,1.2041406631469727,0.8222023844718933,0.49609375,127.06586456298828,218.320556640625,3.2593910694122314,-21.055973052978516
244000,20.238157272338867,20.794212341308594,20.596908569335938,0.9952456951141357,0.8136695027351379,0.4453125,127.2330093383789,218.86802673339844,3.3736557960510254,-17.917627334594727
245000,9.830689430236816,17.94793128967285,18.038005828857422,0.9122664332389832,0.7972522974014282,0.43359375,127.42501068115234,219.33905029296875,3.3474278450012207,-21.499717712402344
246000,34.75871658325195,17.456478118896484,17.627174377441406,1.0573617219924927,0.8060094118118286,0.458984375,127.66930389404297,219.8309326171875,4.031824588775635,-21.597820281982422
247000,11.11082935333252,17.446903228759766,17.635902404785156,1.009055495262146,0.7920659780502319,0.439453125,127.86668395996094,220.35096740722656,2.5872678756713867,-20.17276382446289
248000,12.950292587280273,18.996829986572266,19.040788650512695,0.841837465763092,0.8025547862052917,0.470703125,128.0872344970703,220.88143920898438,4.967749118804932,-19.81884765625
249000,29.00182342529297,16.866004943847656,16.94991683959961,1.0064876079559326,0.8166390061378479,0.47265625,128.32766723632812,221.41896057128906,2.8958425521850586,-20.515785217285156
250000,21.46100616455078,17.596820831298828,17.371084213256836,0.852194607257843,0.8134214878082275,0.466796875,128.5748748779297,221.8986358642578,3.059375762939453,-18.412281036376953
251000,33.60154342651367,18.233501434326172,18.109560012817383,1.094080924987793,0.8281396627426147,0.4609375,128.7539825439453,222.3870086669922,2.0928425788879395,-21.412534713745117
252000,10.723762512207031,19.512697219848633,19.57814598083496,0.9139806628227234,0.7996512651443481,0.4375,128.98062133789062,222.87298583984375,2.467878580093384,-21.19222640991211
253000,42.084571838378906,19.151636123657227,19.167701721191406,0.9325329065322876,0.8017169237136841,0.453125,129.2054901123047,223.34780883789062,1.8773717880249023,-19.861345291137695
254000,54.88731384277344,21.748865127563477,21.5511417388916,0.8380436897277832,0.7722890377044678,0.44140625,129.4164581298828,223.8546142578125,3.0839414596557617,-21.71014976501465
255000,23.115398406982422,19.850622177124023,19.871877670288086,0.8912599682807922,0.7893136143684387,0.462890625,129.61721801757812,224.36741638183594,2.2998130321502686,-18.426223754882812
256000,26.9280948638916,18.89632225036621,18.807485580444336,0.7804470658302307,0.7765393257141113,0.45703125,129.8557586669922,224.86614990234375,4.0967793464660645,-21.10527801513672
257000,11.814658164978027,18.443031311035156,18.65521812438965,0.9465237259864807,0.7884941101074219,0.4453125,130.02420043945312,225.3162384033203,2.6584646701812744,-19.85012435913086
258000,6.656220436096191,18.47860336303711,18.43291473388672,0.8201383948326111,0.794623613357544,0.4609375,130.2036590576172,225.84524536132812,2.7864882946014404,-21.741138458251953
259000,28.853971481323242,19.883665084838867,19.737220764160156,0.9123591184616089,0.8099307417869568,0.4765625,130.3744354248047,226.36865234375,4.778583526611328,-22.44515609741211
260000,77.04621887207031,20.023818969726562,20.250133514404297,0.857916533946991,0.7801337838172913,0.4609375,130.5498809814453,226.86709594726562,1.5957180261611938,-23.014781951904297
261000,31.66219139099121,21.03628158569336,21.120105743408203,0.8514746427536011,0.7919747829437256,0.4765625,130.717529296875,227.40057373046875,3.0523018836975098,-22.707725524902344
262000,3.8765110969543457,20.7999267578125,20.84733772277832,0.8476916551589966,0.7681791186332703,0.408203125,130.8701934814453,227.95213317871094,2.7123396396636963,-25.051118850708008
263000,13.134031295776367,22.245237350463867,22.233699798583984,0.9291538000106812,0.7918320298194885,0.4453125,131.0635223388672,228.37506103515625,3.618847131729126,-23.83305549621582
264000,5.5910468101501465,22.941694259643555,23.185009002685547,0.8107785582542419,0.8198451995849609,0.4609375,131.24453735351562,228.83584594726562,4.248532295227051,-22.205547332763672
265000,8.046002388000488,23.742557525634766,23.745540618896484,0.8762402534484863,0.7435973882675171,0.388671875,131.40097045898438,229.25364685058594,2.8357784748077393,-23.544584274291992
266000,16.007518768310547,22.06960678100586,21.993600845336914,0.8613166809082031,0.7742677330970764,0.419921875,131.55728149414062,229.7115478515625,3.2948355674743652,-24.392959594726562
267000,25.385677337646484,21.851438522338867,22.031871795654297,0.8196539878845215,0.7878861427307129,0.423828125,131.71629333496094,230.13525390625,2.5236401557922363,-24.080551147460938
268000,19.024410247802734,22.320213317871094,22.274181365966797,0.830605685710907,0.7884386777877808,0.416015625,131.8685760498047,230.60354614257812,1.7874196767807007,-23.772714614868164
269000,6.178664207458496,20.480607986450195,20.4386043548584,0.8277914524078369,0.7830368876457214,0.3984375,132.0507049560547,231.0211944580078,3.3731069564819336,-25.22922134399414
270000,47.93476104736328,24.66378402709961,24.66362762451172,0.7614980340003967,0.7885960936546326,0.416015625,132.23345947265625,231.51318359375,2.1681647300720215,-24.559906005859375
271000,6.370173454284668,23.698974609375,23.720699310302734,0.9083226919174194,0.7599891424179077,0.37890625,132.43222045898438,231.9635467529297,2.4425270557403564,-24.057796478271484
272000,16.271129608154297,21.574596405029297,21.272768020629883,1.0322473049163818,0.7774995565414429,0.3984375,132.60752868652344,232.31971740722656,2.199589490890503,-23.672832489013672
273000,28.747291564941406,23.69834327697754,23.72015380859375,0.7872877717018127,0.7921373844146729,0.404296875,132.793212890625,232.75912475585938,1.6639493703842163,-24.132808685302734
274000,29.32774543762207,23.60736846923828,23.56379508972168,0.7770013809204102,0.7474832534790039,0.36328125,133.0097198486328,233.2057342529297,3.493414878845215,-24.93670082092285
275000,5.309878349304199,25.785112380981445,26.051158905029297,0.8472421765327454,0.7868011593818665,0.4453125,133.21788024902344,233.63661193847656,2.275735855102539,-25.823997497558594
276000,9.900651931762695,23.21077537536621,23.272701263427734,0.9676682949066162,0.8035187721252441,0.4453125,133.4202117919922,234.092529296875,2.983591079711914,-27.83951187133789
277000,11.678110122680664,22.67963409423828,22.937969207763672,0.9664804339408875,0.7833726406097412,0.427734375,133.63258361816406,234.55458068847656,2.334536552429199,-26.558061599731445
278000,8.509049415588379,24.323291778564453,24.385364532470703,0.724180281162262,0.7723154425621033,0.384765625,133.8216094970703,234.98712158203125,3.503105640411377,-24.601234436035156
279000,27.802799224853516,23.803131103515625,23.804180145263672,0.9333359599113464,0.7776339054107666,0.419921875,134.0328369140625,235.43051147460938,3.970998525619507,-24.479503631591797
280000,33.20462417602539,24.419034957885742,24.718875885009766,0.8457364439964294,0.7983278036117554,0.43359375,134.25405883789062,235.94451904296875,3.2037696838378906,-23.704254150390625
281000,25.24658966064453,23.5550594329834,23.532703399658203,0.965599536895752,0.7631546258926392,0.40625,134.43113708496094,236.395751953125,2.0942020416259766,-26.212474822998047
282000,15.620195388793945,23.689586639404297,23.524646759033203,0.8199808597564697,0.766812264919281,0.37890625,134.62554931640625,236.8632049560547,2.4057981967926025,-23.734233856201172
283000,48.162353515625,25.404491424560547,25.084693908691406,1.057838797569275,0.7753124833106995,0.419921875,134.79147338867188,237.3625946044922,3.145244598388672,-23.63551139831543
284000,8.439098358154297,22.88909912109375,22.738908767700195,1.1399860382080078,0.7838596701622009,0.43359375,134.9905548095703,237.93643188476562,2.9986703395843506,-25.364299774169922
285000,9.936153411865234,21.57370376586914,21.374420166015625,1.03333580493927,0.7749954462051392,0.40234375,135.1377410888672,238.4993438720703,3.273725986480713,-22.57222557067871
286000,7.162574768066406,23.999387741088867,24.012887954711914,0.9343214631080627,0.7787317633628845,0.408203125,135.31637573242188,238.96632385253906,1.8724762201309204,-24.394804000854492
287000,21.574176788330078,23.437772750854492,23.69696044921875,1.0458896160125732,0.7688905596733093,0.40625,135.4868927001953,239.48045349121094,2.1649703979492188,-25.494844436645508
288000,7.32728385925293,21.428525924682617,21.268627166748047,0.9681409001350403,0.775787889957428,0.392578125,135.66110229492188,240.07130432128906,1.6504933834075928,-25.219072341918945
289000,6.949017524719238,25.783126831054688,25.870576858520508,0.9353576302528381,0.7659256458282471,0.365234375,135.82676696777344,240.6787872314453,2.524662733078003,-23.740968704223633
290000,48.694610595703125,23.796527862548828,23.734580993652344,0.965384304523468,0.8126980662345886,0.427734375,136.0396728515625,241.17922973632812,1.9316586256027222,-25.254079818725586
291000,26.46011734008789,28.297542572021484,28.199378967285156,0.964094877243042,0.791009783744812,0.41015625,136.22097778320312,241.75125122070312,3.076180934906006,-26.665529251098633
292000,7.393760681152344,22.952072143554688,22.98410415649414,1.0702872276306152,0.7997449040412903,0.46484375,136.3767852783203,242.2633056640625,4.6286725997924805,-25.600433349609375
293000,10.634967803955078,25.69048500061035,25.85106658935547,0.9504644870758057,0.7750939130783081,0.423828125,136.5377197265625,242.73397827148438,2.398151397705078,-27.130970001220703
294000,11.07863998413086,26.068649291992188,26.199928283691406,0.8493142127990723,0.754562497138977,0.375,136.6861114501953,243.2469024658203,1.0888292789459229,-25.935874938964844
295000,5.6674299240112305,24.04535675048828,24.05933380126953,1.0096079111099243,0.7644248008728027,0.41796875,136.85186767578125,243.77947998046875,2.0139012336730957,-25.888408660888672
296000,39.24481201171875,24.766820907592773,24.848857879638672,0.8702061176300049,0.7821529507637024,0.40625,137.02264404296875,244.18539428710938,2.557826280593872,-27.100685119628906
297000,66.93970489501953,24.196413040161133,24.223814010620117,0.8210495710372925,0.758208692073822,0.412109375,137.20114135742188,244.73678588867188,2.6539149284362793,-27.097816467285156
298000,57.764976501464844,27.623172760009766,27.516422271728516,0.9227603673934937,0.7829782366752625,0.443359375,137.38441467285156,245.2301788330078,3.7820258140563965,-25.414541244506836
299000,6.288470268249512,25.77448081970215,25.74458122253418,0.8054698705673218,0.7802097201347351,0.453125,137.56631469726562,245.7058868408203,2.1933393478393555,-27.768564224243164
300000,22.204429626464844,26.486011505126953,26.642831802368164,0.8986458778381348,0.7829527854919434,0.462890625,137.69984436035156,246.11900329589844,3.5645463466644287,-26.817049026489258
