step,critic_loss,actor_loss,q1_mean,action_abs_mean,action_saturation,actor_weight_norm,critic_weight_norm,actor_grad_norm
6000,11.214889526367188,-8.842057228088379,5.865934371948242,0.8210479617118835,0.275390625,21.401430130004883,32.362823486328125,2.65731143951416
7000,23.787109375,-14.758810043334961,8.808893203735352,0.8547831177711487,0.384765625,25.816741943359375,35.37273025512695,1.6313631534576416
8000,15.491364479064941,-17.75033187866211,15.26205062866211,0.8260088562965393,0.400390625,29.67310905456543,37.60816955566406,2.2102041244506836
9000,27.944149017333984,-31.68731689453125,25.193571090698242,0.7897587418556213,0.365234375,33.86869430541992,39.48995590209961,2.0693979263305664
10000,18.58238983154297,-41.627254486083984,36.77550506591797,0.8213927745819092,0.453125,37.17596435546875,41.36387252807617,5.68162202835083
11000,14.338590621948242,-51.09931564331055,51.168975830078125,0.8110603094100952,0.548828125,39.8314208984375,43.10744094848633,3.0893852710723877
12000,16.889150619506836,-58.184112548828125,56.003787994384766,0.7946145534515381,0.51171875,42.17374801635742,44.65153884887695,1.6016126871109009
13000,10.45266056060791,-69.96797180175781,61.71934127807617,0.8217092752456665,0.53125,44.48335266113281,46.016475677490234,1.9900180101394653
14000,14.802592277526855,-70.89383697509766,71.8555679321289,0.8254054188728333,0.537109375,46.856239318847656,47.41002655029297,2.876020908355713
15000,36.918331146240234,-80.0972900390625,73.51959228515625,0.834675669670105,0.55859375,49.123634338378906,48.49248504638672,4.872942924499512
16000,50.80485153198242,-79.22161865234375,70.20830535888672,0.828220009803772,0.48046875,51.135780334472656,49.687171936035156,2.861616849899292
17000,15.562493324279785,-88.21995544433594,83.83678436279297,0.7829903364181519,0.44140625,53.13628387451172,50.89192581176758,3.934911012649536
18000,14.826440811157227,-88.86016082763672,84.55066680908203,0.7828071117401123,0.41796875,54.86811065673828,51.97053146362305,3.1363062858581543
19000,81.1357192993164,-86.38494873046875,89.86471557617188,0.7571246027946472,0.34375,56.73255920410156,53.050350189208984,4.613285541534424
20000,53.75441360473633,-100.75135040283203,91.30976104736328,0.7549166679382324,0.35546875,58.48890686035156,54.21246337890625,4.209167003631592
21000,32.875999450683594,-100.34823608398438,98.49504089355469,0.7919294834136963,0.41015625,60.153446197509766,55.34321212768555,4.120766639709473
22000,39.87579345703125,-105.87002563476562,106.4389877319336,0.749622106552124,0.341796875,61.67019271850586,56.476173400878906,8.85444450378418
23000,99.48318481445312,-117.79312896728516,108.25590515136719,0.7352418899536133,0.349609375,63.35724639892578,57.75113296508789,4.710809707641602
24000,105.10276794433594,-113.36100769042969,109.10096740722656,0.755407989025116,0.365234375,64.78138732910156,58.95410919189453,6.033736228942871
25000,46.900726318359375,-113.27521514892578,118.11478424072266,0.7124862670898438,0.3203125,66.12733459472656,60.09314727783203,4.622769355773926
26000,31.08753776550293,-126.44144439697266,118.79165649414062,0.7125208973884583,0.302734375,67.42691802978516,61.306949615478516,4.370675086975098
27000,32.94702911376953,-130.18565368652344,121.93814086914062,0.7082681059837341,0.287109375,68.67857360839844,62.53460693359375,4.239011287689209
28000,38.488861083984375,-132.6350555419922,126.01148986816406,0.6822999119758606,0.2421875,69.95185089111328,63.79890441894531,12.033421516418457
29000,23.715892791748047,-140.7677001953125,133.3451690673828,0.697148323059082,0.26953125,71.20655059814453,64.88623809814453,6.839386940002441
30000,307.3397521972656,-141.90087890625,138.30743408203125,0.6928846836090088,0.26171875,72.4446792602539,66.00108337402344,5.8004584312438965
31000,53.84312438964844,-143.00669860839844,134.778076171875,0.6681265830993652,0.228515625,73.58928680419922,67.088623046875,4.4352707862854
32000,61.84592819213867,-145.16725158691406,146.40097045898438,0.6580843925476074,0.2265625,74.7602767944336,68.1911849975586,4.7847442626953125
33000,234.12876892089844,-151.67201232910156,148.61199951171875,0.7041972875595093,0.1875,75.90153503417969,69.22541046142578,5.5674824714660645
34000,53.756439208984375,-154.14541625976562,150.38636779785156,0.6526740193367004,0.1796875,77.1595230102539,70.25471496582031,4.553264141082764
35000,22.441089630126953,-154.20777893066406,147.67208862304688,0.6680857539176941,0.189453125,78.3970718383789,71.28179168701172,8.234233856201172
36000,86.49649810791016,-160.7144775390625,154.72177124023438,0.6875276565551758,0.201171875,79.57661437988281,72.25225067138672,6.434952259063721
37000,429.7893371582031,-173.6667022705078,156.55709838867188,0.7062482833862305,0.26953125,80.73780059814453,73.31829071044922,5.079571723937988
38000,35.2004508972168,-174.49969482421875,165.74769592285156,0.6942301392555237,0.255859375,81.81043243408203,74.34705352783203,6.142588138580322
39000,53.091880798339844,-177.1331787109375,173.405517578125,0.6784670352935791,0.232421875,82.9089584350586,75.38241577148438,9.579998016357422
40000,149.52149963378906,-178.6214599609375,170.52365112304688,0.6993367671966553,0.26171875,83.85871124267578,76.2967300415039,6.75913143157959
41000,100.57968139648438,-174.3761749267578,172.78701782226562,0.6941542625427246,0.26171875,84.86239624023438,77.1705322265625,6.273867607116699
42000,149.31053161621094,-184.37274169921875,174.82135009765625,0.6884299516677856,0.2421875,85.75402069091797,77.99869537353516,6.212991714477539
43000,108.99752807617188,-176.07476806640625,172.19606018066406,0.7010672092437744,0.296875,86.67210388183594,78.82778930664062,5.410275459289551
44000,158.94491577148438,-180.8147430419922,182.0916290283203,0.7319310903549194,0.296875,87.68240356445312,79.65205383300781,6.3325066566467285
45000,62.40269470214844,-185.19642639160156,180.3398895263672,0.7159499526023865,0.3359375,88.70588684082031,80.44232940673828,4.859317302703857
46000,140.79978942871094,-186.50318908691406,180.76077270507812,0.7463778853416443,0.341796875,89.68983459472656,81.25464630126953,6.807111740112305
47000,203.6727752685547,-181.0902862548828,182.21453857421875,0.7363498210906982,0.33984375,90.62373352050781,82.01278686523438,6.818389892578125
48000,230.2583770751953,-192.9051055908203,186.1083221435547,0.7151460647583008,0.33984375,91.61367797851562,82.87184143066406,6.287481784820557
49000,215.23886108398438,-189.6705780029297,197.76986694335938,0.7280852198600769,0.3828125,92.63871765136719,83.7046127319336,7.762387752532959
50000,71.06855010986328,-206.11143493652344,189.96470642089844,0.7192021608352661,0.333984375,93.56148529052734,84.5555648803711,13.24349308013916
51000,161.9683380126953,-204.7433319091797,199.2711944580078,0.7596878409385681,0.40625,94.47689056396484,85.3759536743164,6.338703632354736
52000,160.94546508789062,-201.5892791748047,202.07212829589844,0.7486435174942017,0.369140625,95.4373550415039,86.16064453125,7.098352432250977
53000,130.6043701171875,-217.54232788085938,212.71432495117188,0.721165657043457,0.34375,96.32929229736328,87.03756713867188,17.845935821533203
54000,86.65851593017578,-207.59332275390625,206.30799865722656,0.7186503410339355,0.318359375,97.16734313964844,87.96198272705078,7.395148277282715
55000,92.90924072265625,-203.82862854003906,201.6343231201172,0.7605872750282288,0.369140625,97.98905944824219,88.82735443115234,6.86484956741333
56000,107.99845886230469,-220.93243408203125,201.65245056152344,0.7352973222732544,0.349609375,98.87083435058594,89.67678833007812,7.9408650398254395
57000,133.447021484375,-212.1125030517578,198.85891723632812,0.6977552771568298,0.306640625,99.67266082763672,90.52452087402344,9.050256729125977
58000,214.76170349121094,-210.73828125,213.09130859375,0.7314431667327881,0.357421875,100.4131851196289,91.26910400390625,8.240656852722168
59000,158.7708282470703,-220.7245330810547,222.15834045410156,0.7167678475379944,0.291015625,101.21501922607422,92.04600524902344,15.844200134277344
60000,109.98666381835938,-231.53067016601562,214.20123291015625,0.7203199863433838,0.32421875,101.9908218383789,92.8129653930664,7.7996931076049805
61000,308.1580505371094,-220.38558959960938,231.02525329589844,0.7000752091407776,0.29296875,102.80249786376953,93.65010070800781,16.03557586669922
62000,209.15675354003906,-228.29798889160156,235.20318603515625,0.7336793541908264,0.345703125,103.53287506103516,94.47015380859375,7.7399468421936035
63000,107.5677490234375,-243.39186096191406,225.150390625,0.7371975779533386,0.328125,104.20223999023438,95.24027252197266,10.041489601135254
64000,1061.67529296875,-239.24118041992188,233.80218505859375,0.6953749060630798,0.283203125,104.94976043701172,95.94003295898438,8.573997497558594
65000,202.96279907226562,-247.42298889160156,252.04957580566406,0.7318896651268005,0.32421875,105.64733123779297,96.67774200439453,14.34087085723877
66000,187.03579711914062,-259.3056640625,244.47048950195312,0.7187672257423401,0.283203125,106.31794738769531,97.42680358886719,15.353147506713867
67000,323.8363342285156,-253.90972900390625,239.60977172851562,0.6954102516174316,0.244140625,106.88311767578125,98.1287841796875,8.458200454711914
68000,159.7960205078125,-267.7687683105469,260.51318359375,0.7135913372039795,0.283203125,107.48384094238281,98.82763671875,8.631030082702637
69000,736.1015625,-251.41424560546875,252.03152465820312,0.6860105395317078,0.248046875,108.06803131103516,99.54922485351562,8.771695137023926
70000,176.17767333984375,-254.89012145996094,252.90228271484375,0.7230826616287231,0.2734375,108.68265533447266,100.25518798828125,8.692781448364258
71000,244.79046630859375,-251.24652099609375,262.190673828125,0.7336691617965698,0.337890625,109.2398681640625,101.022705078125,12.62586498260498
72000,132.86293029785156,-246.1727752685547,247.02825927734375,0.7449598908424377,0.373046875,109.8650131225586,101.7248306274414,8.215764999389648
73000,170.6392059326172,-268.8892822265625,243.47894287109375,0.7805991172790527,0.421875,110.45984649658203,102.38971710205078,9.527758598327637
74000,148.38958740234375,-262.626708984375,260.8638916015625,0.7270429134368896,0.353515625,110.93070220947266,103.07438659667969,12.852261543273926
75000,158.87086486816406,-258.0333251953125,257.2037353515625,0.7713145017623901,0.390625,111.44222259521484,103.74537658691406,12.640817642211914
76000,578.9696655273438,-254.42391967773438,249.73828125,0.7638094425201416,0.42578125,111.98262786865234,104.33423614501953,11.87856674194336
77000,101.54114532470703,-262.679443359375,263.48406982421875,0.7773633003234863,0.396484375,112.55956268310547,104.96123504638672,7.962955951690674
78000,186.96388244628906,-251.44496154785156,247.7388153076172,0.7553175687789917,0.37890625,113.07844543457031,105.60627746582031,9.247532844543457
79000,141.8234100341797,-248.5235595703125,255.06590270996094,0.7327420115470886,0.36328125,113.64898681640625,106.25090789794922,8.840578079223633
80000,119.78646087646484,-243.509765625,241.4727325439453,0.7551507949829102,0.373046875,114.28861999511719,106.86632537841797,7.913293361663818
81000,87.95372009277344,-246.7635498046875,249.46978759765625,0.7344468832015991,0.29296875,114.8532485961914,107.45040893554688,10.266533851623535
82000,124.57173919677734,-254.99073791503906,238.37318420410156,0.758834958076477,0.35546875,115.47022247314453,108.0644760131836,33.67051315307617
83000,182.75204467773438,-248.77813720703125,247.75067138671875,0.7470015287399292,0.333984375,116.03614807128906,108.6865234375,9.412848472595215
84000,140.33998107910156,-239.31716918945312,246.83380126953125,0.7718996405601501,0.40234375,116.59834289550781,109.32319641113281,9.50014877319336
85000,130.57684326171875,-243.50852966308594,249.16171264648438,0.7704120874404907,0.3671875,117.11122131347656,109.89119720458984,13.790510177612305
86000,117.42913818359375,-253.49864196777344,249.69381713867188,0.7788913249969482,0.44140625,117.58120727539062,110.4851303100586,9.993592262268066
87000,282.92620849609375,-237.31854248046875,232.16348266601562,0.8092375993728638,0.474609375,118.1202621459961,111.03848266601562,10.67156982421875
88000,268.10693359375,-240.8231964111328,230.39854431152344,0.7866695523262024,0.439453125,118.66026306152344,111.64923095703125,9.7570161819458
89000,128.38287353515625,-243.8795166015625,237.76866149902344,0.7808651328086853,0.435546875,119.08219909667969,112.17298126220703,8.776118278503418
90000,189.19313049316406,-236.65345764160156,232.38641357421875,0.7690203189849854,0.400390625,119.59902954101562,112.70278930664062,10.93352222442627
91000,241.0259552001953,-237.7914581298828,229.02508544921875,0.7193650603294373,0.36328125,120.02650451660156,113.27200317382812,12.280229568481445
92000,161.5758514404297,-243.20211791992188,233.326416015625,0.7332854270935059,0.365234375,120.51974487304688,113.80376434326172,11.079453468322754
93000,94.2497787475586,-247.14932250976562,243.8279266357422,0.7163493633270264,0.34375,120.9939956665039,114.35469055175781,14.983089447021484
94000,72.36123657226562,-238.060546875,231.61859130859375,0.7650725841522217,0.41015625,121.49300384521484,114.82847595214844,10.110589981079102
95000,128.3219757080078,-229.02357482910156,221.79559326171875,0.7462236881256104,0.404296875,121.92977142333984,115.33321380615234,11.394416809082031
96000,266.866943359375,-245.9361114501953,241.74049377441406,0.7217738628387451,0.353515625,122.4226303100586,115.90956115722656,13.221946716308594
97000,172.84100341796875,-241.9434814453125,230.55409240722656,0.7306655645370483,0.3984375,122.86643981933594,116.44065856933594,12.172501564025879
98000,64.52063751220703,-244.31773376464844,233.5111846923828,0.7561155557632446,0.400390625,123.31754302978516,116.97978210449219,8.923721313476562
99000,253.96180725097656,-236.8284149169922,235.4744110107422,0.7535037994384766,0.419921875,123.7110366821289,117.49910736083984,11.066343307495117
100000,478.50494384765625,-249.6405792236328,236.1703643798828,0.7149547338485718,0.359375,124.20366668701172,118.04902648925781,9.189833641052246
101000,220.46453857421875,-238.76309204101562,234.6827850341797,0.7432147264480591,0.412109375,124.63835144042969,118.57332611083984,12.401056289672852
102000,240.46694946289062,-247.78616333007812,222.5318145751953,0.7562262415885925,0.35546875,125.1001968383789,119.09593963623047,12.316078186035156
103000,510.3970031738281,-238.09124755859375,229.99774169921875,0.7119224071502686,0.3359375,125.5184326171875,119.62535858154297,10.172540664672852
104000,211.63107299804688,-234.74771118164062,239.91807556152344,0.7039910554885864,0.3203125,125.97095489501953,120.12651824951172,8.582707405090332
105000,132.36277770996094,-229.74356079101562,231.66355895996094,0.7087531089782715,0.306640625,126.43387603759766,120.62886810302734,9.227993965148926
106000,160.77452087402344,-239.3934326171875,238.0657958984375,0.6990232467651367,0.25,126.85877990722656,121.1246566772461,15.984980583190918
107000,179.40005493164062,-233.41259765625,250.54164123535156,0.7009503245353699,0.3125,127.30856323242188,121.6065673828125,8.44298267364502
108000,86.61685943603516,-230.94760131835938,238.7822723388672,0.7218004465103149,0.34375,127.71678161621094,122.08686065673828,8.551349639892578
109000,442.623046875,-240.6645965576172,220.61166381835938,0.7263535857200623,0.337890625,128.14093017578125,122.53445434570312,9.268430709838867
110000,141.4651641845703,-238.69900512695312,222.11231994628906,0.6730743050575256,0.298828125,128.59629821777344,122.96895599365234,7.425873279571533
111000,78.98481750488281,-231.40118408203125,228.47933959960938,0.6901983022689819,0.2890625,129.0596923828125,123.45279693603516,9.892447471618652
112000,162.39830017089844,-218.55538940429688,215.37481689453125,0.6827328205108643,0.296875,129.52023315429688,123.89263153076172,23.563554763793945
113000,267.27655029296875,-227.82928466796875,210.7738800048828,0.7274370193481445,0.349609375,129.91749572753906,124.34228515625,10.397192001342773
114000,71.95970153808594,-212.8284149169922,208.20745849609375,0.6985965371131897,0.275390625,130.34356689453125,124.77427673339844,9.39220142364502
115000,144.21302795410156,-213.15554809570312,206.79776000976562,0.6880083084106445,0.34375,130.80772399902344,125.18817901611328,10.589029312133789
116000,94.21613311767578,-207.22378540039062,201.3570098876953,0.7149795889854431,0.33984375,131.2436981201172,125.62508392333984,9.831746101379395
117000,74.38479614257812,-208.62933349609375,215.62417602539062,0.6837729215621948,0.314453125,131.6741485595703,126.10228729248047,7.777378559112549
118000,129.7535400390625,-205.1221466064453,193.7360382080078,0.6845544576644897,0.330078125,132.10609436035156,126.57849884033203,10.388083457946777
119000,95.38548278808594,-217.7147979736328,201.78143310546875,0.6680892705917358,0.24609375,132.60047912597656,127.0306167602539,10.592851638793945
120000,617.6279907226562,-200.51329040527344,198.24525451660156,0.7195794582366943,0.380859375,133.0088348388672,127.4549331665039,10.202615737915039
121000,87.79212188720703,-201.51126098632812,209.11297607421875,0.7101415991783142,0.369140625,133.4217529296875,127.9212417602539,15.192678451538086
122000,277.75634765625,-200.78488159179688,181.13710021972656,0.7058335542678833,0.32421875,133.7278594970703,128.32713317871094,12.031567573547363
123000,75.2513198852539,-194.13882446289062,202.88902282714844,0.7097172737121582,0.380859375,134.07977294921875,128.72964477539062,13.211224555969238
124000,184.3451385498047,-198.3756103515625,196.9580078125,0.7297341823577881,0.38671875,134.3780517578125,129.17105102539062,10.691290855407715
125000,53.55097961425781,-203.9228515625,187.9619598388672,0.7169018983840942,0.3359375,134.7020263671875,129.59732055664062,7.759153842926025
126000,327.63079833984375,-196.54490661621094,189.69448852539062,0.7427263259887695,0.333984375,135.1083984375,129.99949645996094,11.79746150970459
127000,97.55995178222656,-191.37033081054688,195.7202911376953,0.7030131816864014,0.314453125,135.5189208984375,130.4199981689453,8.883551597595215
128000,74.76094818115234,-197.69834899902344,198.90638732910156,0.7148139476776123,0.349609375,135.92062377929688,130.8663787841797,10.136320114135742
129000,71.61956787109375,-188.6639404296875,183.4632568359375,0.7632115483283997,0.408203125,136.25592041015625,131.31915283203125,8.69968318939209
130000,57.757408142089844,-195.65504455566406,198.33969116210938,0.7258030772209167,0.341796875,136.59983825683594,131.8103485107422,11.745253562927246
131000,73.02175903320312,-179.0941162109375,189.82362365722656,0.7394168376922607,0.349609375,137.00535583496094,132.26547241210938,13.575946807861328
132000,85.76251220703125,-178.7530975341797,184.95079040527344,0.6982997059822083,0.279296875,137.38821411132812,132.6990966796875,10.114086151123047
133000,81.05335235595703,-187.6008758544922,172.27761840820312,0.7202805280685425,0.318359375,137.7923126220703,133.138427734375,12.149286270141602
134000,89.78348541259766,-188.0478057861328,181.81613159179688,0.7112216949462891,0.29296875,138.221923828125,133.59085083007812,9.880532264709473
135000,147.89511108398438,-183.6591339111328,173.7953338623047,0.7278860211372375,0.322265625,138.62472534179688,134.09780883789062,11.487764358520508
136000,254.679443359375,-179.89990234375,177.107177734375,0.6701515913009644,0.263671875,139.03892517089844,134.609375,14.148221015930176
137000,74.2723388671875,-175.59237670898438,177.19439697265625,0.6493235230445862,0.236328125,139.4882049560547,135.10650634765625,12.69061279296875
138000,91.3189697265625,-183.26148986816406,170.60781860351562,0.7123783826828003,0.30078125,139.85556030273438,135.54005432128906,6.283315658569336
139000,55.42564392089844,-180.72039794921875,182.81564331054688,0.6844266057014465,0.287109375,140.18243408203125,135.98281860351562,8.976795196533203
140000,101.96382904052734,-185.19203186035156,175.63414001464844,0.7164759635925293,0.341796875,140.5456085205078,136.4346160888672,12.649311065673828
141000,109.85157012939453,-182.93936157226562,184.59463500976562,0.6966761350631714,0.294921875,140.90155029296875,136.86788940429688,9.026886940002441
142000,127.45186614990234,-182.68014526367188,180.84471130371094,0.6905671954154968,0.287109375,141.21485900878906,137.30453491210938,8.31074047088623
143000,189.37342834472656,-176.55674743652344,179.33621215820312,0.6758521795272827,0.291015625,141.5760955810547,137.74171447753906,9.726774215698242
144000,91.02717590332031,-191.7481689453125,183.89820861816406,0.715576171875,0.333984375,141.9418182373047,138.20721435546875,10.910664558410645
145000,126.15261840820312,-174.18450927734375,178.54800415039062,0.7272287011146545,0.365234375,142.28797912597656,138.59732055664062,8.264580726623535
146000,131.74472045898438,-189.1974334716797,176.97731018066406,0.6905629634857178,0.318359375,142.6249542236328,139.01402282714844,9.746513366699219
147000,115.2466049194336,-179.6069793701172,166.9652557373047,0.7331633567810059,0.373046875,142.95602416992188,139.44189453125,7.878166675567627
148000,93.6562728881836,-182.18594360351562,180.35484313964844,0.7210060954093933,0.35546875,143.32901000976562,139.88720703125,9.837462425231934
149000,157.55722045898438,-170.49819946289062,174.3296356201172,0.7460219860076904,0.36328125,143.67750549316406,140.30841064453125,8.085784912109375
150000,167.75772094726562,-185.482666015625,183.12937927246094,0.6771212220191956,0.328125,144.04534912109375,140.75657653808594,9.3743314743042
151000,250.6809539794922,-191.41212463378906,174.74734497070312,0.7047621607780457,0.3359375,144.34999084472656,141.18702697753906,11.100201606750488
152000,268.0890808105469,-181.77333068847656,171.23446655273438,0.6846164464950562,0.294921875,144.66757202148438,141.61041259765625,16.2584228515625
153000,130.4470977783203,-183.60032653808594,183.57594299316406,0.654931902885437,0.310546875,145.00784301757812,142.05441284179688,11.731225967407227
154000,188.85806274414062,-185.012939453125,186.0104217529297,0.6602061986923218,0.3203125,145.38119506835938,142.474853515625,11.877382278442383
155000,109.87290954589844,-195.67132568359375,183.4366912841797,0.7014585137367249,0.3203125,145.78053283691406,142.92364501953125,13.875041961669922
156000,184.4667205810547,-191.17388916015625,186.71844482421875,0.6919036507606506,0.333984375,146.18939208984375,143.3209991455078,8.754352569580078
157000,449.49505615234375,-205.99334716796875,180.43862915039062,0.6977750658988953,0.3359375,146.56854248046875,143.6942901611328,8.758325576782227
158000,108.30218505859375,-202.35855102539062,196.15728759765625,0.6996703147888184,0.3359375,146.91722106933594,144.09593200683594,10.20972728729248
159000,63.50318145751953,-215.9184112548828,194.2904510498047,0.7088763117790222,0.322265625,147.22328186035156,144.4818878173828,9.453073501586914
160000,137.36526489257812,-214.5982666015625,219.5478057861328,0.6930661201477051,0.3203125,147.49258422851562,144.86756896972656,10.145273208618164
161000,196.93991088867188,-207.46817016601562,207.77113342285156,0.7398715019226074,0.330078125,147.7799835205078,145.2747039794922,12.024882316589355
162000,149.03411865234375,-211.33717346191406,217.46266174316406,0.7241825461387634,0.28515625,148.0439453125,145.68930053710938,11.479687690734863
163000,72.46987915039062,-220.6935577392578,201.08921813964844,0.7484767436981201,0.359375,148.2926788330078,146.05746459960938,10.987274169921875
164000,179.25192260742188,-202.57949829101562,208.929443359375,0.7212940454483032,0.287109375,148.57774353027344,146.43435668945312,11.06017780303955
165000,344.0941162109375,-221.6572723388672,202.00257873535156,0.7595027685165405,0.375,148.85838317871094,146.86180114746094,13.628445625305176
166000,127.09461212158203,-210.55984497070312,193.79168701171875,0.7582173943519592,0.359375,149.1615753173828,147.26962280273438,18.19955825805664
167000,176.01327514648438,-207.1630096435547,201.46946716308594,0.7660681009292603,0.390625,149.43898010253906,147.7459716796875,12.434301376342773
168000,113.1102294921875,-210.0897674560547,205.9813232421875,0.7435103058815002,0.34375,149.7535858154297,148.15028381347656,9.805120468139648
169000,140.39425659179688,-217.65859985351562,209.59637451171875,0.763139545917511,0.365234375,150.04246520996094,148.56414794921875,16.655887603759766
170000,81.46917724609375,-206.12649536132812,210.79261779785156,0.7493062019348145,0.322265625,150.34503173828125,149.0144805908203,7.604647636413574
171000,79.85335540771484,-217.3696746826172,204.20486450195312,0.7733832597732544,0.3984375,150.5598907470703,149.4213409423828,8.578652381896973
172000,137.7071533203125,-211.65701293945312,201.7637481689453,0.7772895097732544,0.423828125,150.87844848632812,149.82464599609375,10.249039649963379
173000,122.66024780273438,-206.4877471923828,196.51080322265625,0.7517037987709045,0.40625,151.1001434326172,150.22018432617188,12.94495677947998
174000,107.47753143310547,-199.99147033691406,202.34999084472656,0.74077308177948,0.38671875,151.38677978515625,150.63082885742188,7.3884687423706055
175000,89.23287963867188,-200.47694396972656,181.91685485839844,0.7364897131919861,0.328125,151.65516662597656,150.9995574951172,13.43989086151123
176000,372.29656982421875,-201.85145568847656,194.37045288085938,0.7128309011459351,0.3203125,151.92723083496094,151.37197875976562,10.60728931427002
177000,82.5747299194336,-196.56324768066406,191.99159240722656,0.7266747951507568,0.3515625,152.15280151367188,151.6910858154297,9.19387435913086
178000,73.36840057373047,-199.50863647460938,192.91734313964844,0.7042343616485596,0.31640625,152.42401123046875,152.06344604492188,12.264121055603027
179000,106.07503509521484,-191.77037048339844,189.27679443359375,0.7463433742523193,0.361328125,152.5931396484375,152.4274139404297,9.55872631072998
180000,74.72233581542969,-195.82301330566406,189.43080139160156,0.7415575981140137,0.3359375,152.79696655273438,152.75332641601562,7.771504878997803
181000,56.66759490966797,-193.99655151367188,183.0697021484375,0.6982767581939697,0.326171875,153.02444458007812,153.1084442138672,11.956586837768555
182000,225.93380737304688,-187.96469116210938,185.72747802734375,0.7121415138244629,0.29296875,153.2777557373047,153.44439697265625,12.435715675354004
183000,122.05667114257812,-183.83511352539062,173.41441345214844,0.73778235912323,0.3203125,153.54833984375,153.8074188232422,11.511241912841797
184000,232.94639587402344,-181.3932342529297,175.86703491210938,0.6880505681037903,0.28515625,153.82737731933594,154.12698364257812,8.426218032836914
185000,306.8004455566406,-173.5555419921875,167.7210693359375,0.7241987586021423,0.333984375,154.08236694335938,154.42660522460938,12.058290481567383
186000,116.85940551757812,-173.48095703125,158.76524353027344,0.7450476884841919,0.349609375,154.36477661132812,154.7831268310547,7.606029510498047
187000,118.25779724121094,-171.7723846435547,163.93797302246094,0.7365261316299438,0.30859375,154.62669372558594,155.10385131835938,13.048168182373047
188000,95.330078125,-160.90875244140625,165.532958984375,0.7548496723175049,0.390625,154.88925170898438,155.44549560546875,6.613059043884277
189000,67.57190704345703,-168.30442810058594,159.4431915283203,0.7507899403572083,0.359375,155.11788940429688,155.77992248535156,10.450493812561035
190000,67.05876922607422,-171.63427734375,160.4500274658203,0.7687737941741943,0.4140625,155.29742431640625,156.13340759277344,8.058319091796875
191000,170.2401123046875,-162.85568237304688,159.52403259277344,0.7674681544303894,0.41015625,155.49435424804688,156.53810119628906,10.53555965423584
192000,154.25296020507812,-166.5262908935547,166.05606079101562,0.7742636799812317,0.43359375,155.6345672607422,156.8966064453125,10.20493221282959
193000,75.82113647460938,-164.9615936279297,161.72097778320312,0.7662875652313232,0.408203125,155.78485107421875,157.2567138671875,10.224969863891602
194000,66.83906555175781,-171.75367736816406,153.54959106445312,0.7002277970314026,0.3515625,155.9354705810547,157.5570068359375,7.219672679901123
195000,78.11070251464844,-162.0535125732422,165.9115447998047,0.7044231295585632,0.328125,156.14134216308594,157.89288330078125,7.009936332702637
196000,50.746131896972656,-164.5458984375,165.0004425048828,0.7086797952651978,0.34375,156.2918243408203,158.25379943847656,8.952978134155273
197000,291.3238220214844,-162.5720977783203,173.6559600830078,0.7132241129875183,0.28125,156.5203857421875,158.63601684570312,9.390462875366211
198000,55.672340393066406,-172.22425842285156,160.3964385986328,0.7239279747009277,0.353515625,156.73753356933594,158.9866485595703,8.350908279418945
199000,72.80598449707031,-169.1471710205078,163.71456909179688,0.7144210934638977,0.353515625,156.91558837890625,159.40281677246094,12.499452590942383
200000,57.578575134277344,-167.5624542236328,167.62733459472656,0.7184126377105713,0.30078125,157.15647888183594,159.7601776123047,12.415176391601562
201000,203.8257293701172,-168.88546752929688,160.6299591064453,0.7150197625160217,0.27734375,157.4021453857422,160.12808227539062,8.611261367797852
202000,78.98048400878906,-174.3634490966797,159.67691040039062,0.6970093846321106,0.318359375,157.6168212890625,160.461669921875,8.376428604125977
203000,251.75262451171875,-175.30718994140625,170.81797790527344,0.6929283142089844,0.27734375,157.81689453125,160.8459930419922,10.837520599365234
204000,295.4603271484375,-176.0850372314453,175.8056182861328,0.7048861980438232,0.287109375,158.03468322753906,161.2256317138672,10.182296752929688
205000,98.56014251708984,-186.88511657714844,187.7073211669922,0.700440526008606,0.294921875,158.20272827148438,161.61732482910156,9.58995246887207
206000,101.76204681396484,-176.756591796875,173.49366760253906,0.7226616740226746,0.341796875,158.36099243164062,161.9785919189453,11.117130279541016
207000,195.1354522705078,-178.22457885742188,184.8155517578125,0.7278051376342773,0.361328125,158.56532287597656,162.32554626464844,10.498047828674316
208000,219.91348266601562,-194.5382080078125,177.06329345703125,0.7203869223594666,0.337890625,158.7938995361328,162.69558715820312,18.052213668823242
209000,216.0419921875,-190.72715759277344,180.66993713378906,0.7386152744293213,0.359375,159.0198974609375,163.08993530273438,7.138357162475586
210000,137.55857849121094,-193.04676818847656,179.42233276367188,0.7387006282806396,0.35546875,159.27674865722656,163.40139770507812,10.568692207336426
211000,178.67745971679688,-190.94100952148438,185.61685180664062,0.7564382553100586,0.357421875,159.49481201171875,163.76182556152344,8.339035034179688
212000,109.43675994873047,-200.74656677246094,188.23284912109375,0.7629054188728333,0.328125,159.74574279785156,164.12437438964844,11.611539840698242
213000,223.31436157226562,-197.31622314453125,186.4612579345703,0.7723572850227356,0.392578125,159.98992919921875,164.546630859375,10.73303508758545
214000,97.44757843017578,-189.1439971923828,195.178466796875,0.7759618759155273,0.384765625,160.19276428222656,164.9617919921875,14.134156227111816
215000,659.092529296875,-202.1210174560547,204.817626953125,0.7713678479194641,0.3828125,160.44776916503906,165.3746337890625,20.022340774536133
216000,344.2243347167969,-213.1513671875,223.8281707763672,0.7765074372291565,0.416015625,160.69927978515625,165.793212890625,13.495787620544434
217000,274.2745056152344,-227.72518920898438,215.66302490234375,0.7685738205909729,0.38671875,160.92750549316406,166.21096801757812,13.11176586151123
218000,387.72918701171875,-216.23825073242188,196.16232299804688,0.7709407210350037,0.3828125,161.1504669189453,166.58302307128906,11.439504623413086
219000,122.87567138671875,-236.257568359375,218.5908203125,0.7739888429641724,0.41796875,161.36183166503906,166.98641967773438,9.04178524017334
220000,262.4296569824219,-226.83888244628906,223.85366821289062,0.7520206570625305,0.35546875,161.60069274902344,167.3827667236328,13.578054428100586
221000,122.47158813476562,-261.9725341796875,234.20611572265625,0.7698928713798523,0.39453125,161.84335327148438,167.77207946777344,13.11462688446045
222000,288.29302978515625,-228.9234619140625,230.9108428955078,0.7630300521850586,0.3671875,162.08340454101562,168.1083221435547,16.09510040283203
223000,155.37750244140625,-247.89935302734375,238.63665771484375,0.7568216919898987,0.41015625,162.3574676513672,168.52989196777344,8.380375862121582
224000,496.2659606933594,-247.62496948242188,248.66412353515625,0.7409771084785461,0.337890625,162.62484741210938,168.9459686279297,17.635135650634766
225000,93.48925018310547,-251.72027587890625,257.53143310546875,0.799903392791748,0.396484375,162.87086486816406,169.30860900878906,8.719948768615723
226000,245.65753173828125,-255.48081970214844,246.07553100585938,0.7855690121650696,0.40234375,163.10621643066406,169.7369384765625,12.054893493652344
227000,114.11759948730469,-244.13623046875,233.12936401367188,0.7803911566734314,0.384765625,163.3179168701172,170.0956573486328,13.956008911132812
228000,69.18356323242188,-249.72714233398438,242.18923950195312,0.7819777131080627,0.43359375,163.51718139648438,170.46359252929688,14.000520706176758
229000,192.18963623046875,-231.91763305664062,239.0229034423828,0.7685415744781494,0.40234375,163.72152709960938,170.8023681640625,12.114628791809082
230000,149.38348388671875,-235.12155151367188,237.2256317138672,0.7957751750946045,0.416015625,163.93838500976562,171.15350341796875,13.695002555847168
231000,113.22368621826172,-238.3769989013672,245.5206298828125,0.7788540124893188,0.419921875,164.1039581298828,171.5423583984375,10.387465476989746
232000,188.5352783203125,-216.0703582763672,222.54901123046875,0.7681088447570801,0.400390625,164.30795288085938,171.9036407470703,11.116046905517578
233000,110.12275695800781,-226.87924194335938,234.76095581054688,0.7394195795059204,0.359375,164.50872802734375,172.25946044921875,11.877504348754883
234000,96.57167053222656,-228.36285400390625,226.6580352783203,0.7301778793334961,0.361328125,164.7187042236328,172.5919647216797,11.177056312561035
235000,262.2311096191406,-230.1936492919922,214.14324951171875,0.7188256978988647,0.349609375,164.934326171875,172.88497924804688,13.799342155456543
236000,268.6700744628906,-213.67433166503906,212.55841064453125,0.7259248495101929,0.337890625,165.13609313964844,173.2389373779297,24.391056060791016
237000,236.41433715820312,-203.15371704101562,210.92178344726562,0.7430588006973267,0.361328125,165.35604858398438,173.5586700439453,12.47923755645752
238000,404.38507080078125,-210.2166748046875,202.36279296875,0.7462349534034729,0.359375,165.57000732421875,173.8316192626953,11.80150032043457
239000,213.98963928222656,-210.36676025390625,193.18531799316406,0.7663885951042175,0.41015625,165.83132934570312,174.13345336914062,11.837288856506348
240000,138.92916870117188,-201.92303466796875,197.43017578125,0.7740485668182373,0.390625,166.0262451171875,174.43748474121094,15.91910457611084
241000,203.0008087158203,-204.133544921875,218.39894104003906,0.7453911304473877,0.380859375,166.22802734375,174.7682342529297,12.483508110046387
242000,68.3279800415039,-193.78805541992188,193.7628173828125,0.7919420003890991,0.439453125,166.42666625976562,175.0776824951172,15.160662651062012
243000,89.14883422851562,-208.61753845214844,208.79263305664062,0.7527170777320862,0.41015625,166.6316680908203,175.39572143554688,8.69654655456543
244000,309.54193115234375,-211.85958862304688,200.87612915039062,0.7960479259490967,0.439453125,166.7979278564453,175.730224609375,10.99553108215332
245000,161.8715057373047,-204.96546936035156,207.0145263671875,0.7617505788803101,0.412109375,166.99607849121094,176.07864379882812,10.064887046813965
246000,141.6573486328125,-214.074951171875,200.316650390625,0.7549923062324524,0.4296875,167.24371337890625,176.417236328125,15.902331352233887
247000,538.1865234375,-205.6743621826172,202.27947998046875,0.7704983353614807,0.435546875,167.47146606445312,176.7601776123047,11.66423225402832
248000,122.47242736816406,-209.6643829345703,214.580078125,0.7678194046020508,0.41796875,167.69491577148438,177.14283752441406,12.92310619354248
249000,69.56779479980469,-217.18392944335938,214.72406005859375,0.7853422164916992,0.44921875,167.90432739257812,177.48020935058594,9.980043411254883
250000,122.94359588623047,-218.8756103515625,214.43887329101562,0.7579299211502075,0.431640625,168.0836181640625,177.78367614746094,13.611096382141113
251000,151.49838256835938,-211.58013916015625,201.72433471679688,0.7854263782501221,0.48046875,168.34121704101562,178.15402221679688,11.01019287109375
252000,275.89404296875,-233.7503662109375,212.85498046875,0.7688712477684021,0.447265625,168.5281219482422,178.57037353515625,10.413535118103027
253000,162.55995178222656,-219.67579650878906,211.5035400390625,0.7663288712501526,0.41796875,168.7299346923828,178.9173126220703,13.862886428833008
254000,659.6576538085938,-220.441650390625,219.21067810058594,0.776975154876709,0.443359375,168.90377807617188,179.27610778808594,13.34030818939209
255000,107.145751953125,-208.51585388183594,220.2161407470703,0.785323441028595,0.408203125,169.12339782714844,179.66171264648438,11.079626083374023
256000,348.5072326660156,-212.83712768554688,218.5165252685547,0.7867522239685059,0.4375,169.32403564453125,180.05490112304688,13.323409080505371
257000,95.26921081542969,-214.967529296875,216.6210174560547,0.7484207153320312,0.3984375,169.5363006591797,180.3993682861328,13.419763565063477
258000,147.48573303222656,-215.4039764404297,208.49317932128906,0.788722038269043,0.42578125,169.78512573242188,180.77230834960938,10.734102249145508
259000,106.07658386230469,-222.59579467773438,211.60174560546875,0.7511435747146606,0.40625,169.9943389892578,181.1449737548828,11.292272567749023
260000,118.40390014648438,-228.12107849121094,215.12069702148438,0.7958788871765137,0.42578125,170.18243408203125,181.4997100830078,12.44650936126709
261000,1600.8642578125,-218.82498168945312,212.45201110839844,0.7805947065353394,0.4296875,170.42066955566406,181.84429931640625,19.14655113220215
262000,179.30621337890625,-237.99969482421875,224.29360961914062,0.8042145371437073,0.4609375,170.65994262695312,182.1538848876953,12.114381790161133
263000,151.7960662841797,-225.16384887695312,218.613525390625,0.8044421076774597,0.439453125,170.8682403564453,182.4710235595703,13.348448753356934
264000,163.6800994873047,-228.0363006591797,222.65138244628906,0.7991480827331543,0.44140625,171.08042907714844,182.86793518066406,12.677791595458984
265000,230.0569305419922,-229.873779296875,227.38796997070312,0.8081973791122437,0.513671875,171.289306640625,183.25180053710938,13.906026840209961
266000,406.0503845214844,-247.92031860351562,232.25413513183594,0.8041480183601379,0.466796875,171.49424743652344,183.6191864013672,14.451637268066406
267000,350.7113037109375,-233.705322265625,245.1604461669922,0.7970312237739563,0.466796875,171.73410034179688,183.97866821289062,19.769439697265625
268000,145.1490020751953,-239.89845275878906,230.9927978515625,0.7941564321517944,0.474609375,171.9195098876953,184.31814575195312,12.947482109069824
269000,96.76278686523438,-237.388916015625,244.72373962402344,0.7973241806030273,0.48046875,172.135009765625,184.71694946289062,10.331757545471191
270000,352.404296875,-252.92507934570312,234.82247924804688,0.803902268409729,0.501953125,172.3734588623047,185.12261962890625,16.626792907714844
271000,1041.66259765625,-245.64190673828125,245.92037963867188,0.7856019139289856,0.48046875,172.6290740966797,185.49403381347656,19.1702823638916
272000,163.3467559814453,-223.61373901367188,240.36691284179688,0.8405612707138062,0.529296875,172.89053344726562,185.8734130859375,13.072893142700195
273000,215.90115356445312,-237.66024780273438,223.4324951171875,0.8157261610031128,0.525390625,173.07530212402344,186.23220825195312,15.648815155029297
274000,149.78895568847656,-258.025146484375,234.58871459960938,0.8080142736434937,0.48046875,173.23216247558594,186.62448120117188,15.315779685974121
275000,301.71820068359375,-246.2500762939453,244.59848022460938,0.8263330459594727,0.513671875,173.3955841064453,187.02630615234375,12.778841972351074
276000,189.13961791992188,-235.20877075195312,231.36000061035156,0.8466107249259949,0.58203125,173.59352111816406,187.43008422851562,18.975963592529297
277000,140.18055725097656,-225.26072692871094,223.23529052734375,0.8331369161605835,0.537109375,173.82566833496094,187.8240203857422,9.386693954467773
278000,444.87225341796875,-225.1693572998047,228.38717651367188,0.8576220870018005,0.552734375,174.0109100341797,188.1321563720703,17.315170288085938
279000,364.2059326171875,-226.48385620117188,229.7982177734375,0.8371644020080566,0.546875,174.210205078125,188.47866821289062,16.101247787475586
280000,154.41476440429688,-221.55145263671875,217.1824188232422,0.8398235440254211,0.55078125,174.3856658935547,188.80284118652344,13.212071418762207
281000,123.60635375976562,-217.03091430664062,213.9112091064453,0.8341984152793884,0.55859375,174.5991668701172,189.15426635742188,11.55111026763916
282000,156.6455841064453,-217.0314178466797,208.3065948486328,0.8551167249679565,0.58984375,174.77105712890625,189.51144409179688,15.138118743896484
283000,138.96754455566406,-220.09738159179688,210.40304565429688,0.862795352935791,0.59765625,174.97073364257812,189.9044189453125,12.49008560180664
284000,103.04540252685547,-232.5028076171875,215.25225830078125,0.8625528216362,0.619140625,175.1664276123047,190.2599334716797,12.544829368591309
285000,217.3651580810547,-224.00912475585938,225.44334411621094,0.8525261878967285,0.59765625,175.36331176757812,190.62847900390625,37.09113311767578
286000,208.8792266845703,-218.51805114746094,222.77218627929688,0.8315739035606384,0.546875,175.5816192626953,190.9962921142578,19.870290756225586
287000,138.98455810546875,-226.9426727294922,240.8328399658203,0.840049147605896,0.541015625,175.80848693847656,191.30172729492188,9.650238037109375
288000,314.46380615234375,-220.37294006347656,229.58729553222656,0.8635146021842957,0.59375,176.01837158203125,191.5816650390625,29.536792755126953
289000,219.32537841796875,-224.48629760742188,212.46337890625,0.8326845169067383,0.560546875,176.23727416992188,191.92105102539062,14.92529010772705
290000,473.014892578125,-217.19451904296875,221.9622039794922,0.8113015294075012,0.546875,176.41001892089844,192.2837371826172,11.99604320526123
291000,102.44085693359375,-220.99822998046875,217.55099487304688,0.8402146100997925,0.556640625,176.56378173828125,192.6346893310547,12.30823802947998
292000,508.33599853515625,-221.4539031982422,218.7547607421875,0.7975929379463196,0.515625,176.75234985351562,192.9989776611328,15.308426856994629
293000,765.2899780273438,-220.76113891601562,207.2362060546875,0.8262630701065063,0.51953125,176.93295288085938,193.35165405273438,20.566701889038086
294000,562.6372680664062,-213.87510681152344,210.57565307617188,0.8278447985649109,0.556640625,177.12709045410156,193.7275848388672,10.867972373962402
295000,438.5069580078125,-222.77838134765625,204.23220825195312,0.8114084005355835,0.52734375,177.318115234375,194.08670043945312,13.39302921295166
296000,175.46194458007812,-221.62017822265625,208.22598266601562,0.8256415724754333,0.548828125,177.5210723876953,194.43507385253906,13.644112586975098
297000,640.8792724609375,-215.352783203125,210.8157501220703,0.8372064828872681,0.5703125,177.70449829101562,194.83209228515625,9.354610443115234
298000,136.19313049316406,-230.28189086914062,224.287353515625,0.7975209355354309,0.48828125,177.9019775390625,195.3234100341797,10.197328567504883
299000,105.57953643798828,-233.16200256347656,223.90396118164062,0.8248545527458191,0.548828125,178.05274963378906,195.71420288085938,12.021915435791016
300000,234.6728515625,-226.24940490722656,216.18475341796875,0.8022607564926147,0.5234375,178.2024383544922,196.0878143310547,7.840030670166016
