step,critic_loss,actor_loss,q1_mean,q2_mean,q_gap,action_abs_mean,action_saturation,actor_weight_norm,critic_weight_norm,actor_grad_norm
6000,29.337642669677734,3.5624542236328125,-5.053251266479492,-5.007740020751953,0.3570578694343567,0.7654938697814941,0.267578125,18.995037078857422,32.906585693359375,0.27020177245140076
7000,18.522663116455078,1.6808456182479858,-3.030073881149292,-3.087646007537842,0.5214744806289673,0.8343731760978699,0.4921875,23.38329315185547,40.429832458496094,0.7727168202400208
8000,6.6224541664123535,0.25098010897636414,-4.075588703155518,-4.183401107788086,0.5919793844223022,0.8264102339744568,0.494140625,25.986507415771484,45.37449645996094,1.5701159238815308
9000,43.433387756347656,-0.061344653367996216,-2.7774009704589844,-2.515815258026123,0.6937097907066345,0.7504084706306458,0.375,28.277645111083984,49.456764221191406,2.4440879821777344
10000,6.685749053955078,0.9135724306106567,0.9609621167182922,0.9996211528778076,0.6162463426589966,0.7004538774490356,0.314453125,31.0416259765625,53.17280197143555,0.8162334561347961
11000,33.89714050292969,1.289934754371643,-5.9097580909729,-5.488577842712402,0.8335374593734741,0.735619843006134,0.3828125,33.53280258178711,56.57131576538086,2.2370996475219727
12000,4.83927059173584,2.257831335067749,-5.795741081237793,-5.605071067810059,0.8101674318313599,0.7445091605186462,0.4375,35.53373718261719,59.563785552978516,1.5358613729476929
13000,19.474746704101562,2.1464757919311523,-5.147115230560303,-4.539658546447754,0.9913710951805115,0.7978593111038208,0.505859375,37.313819885253906,62.612918853759766,0.8165987133979797
14000,134.1199493408203,0.2817066013813019,-3.2012248039245605,-3.6715524196624756,0.8575477600097656,0.7872610688209534,0.408203125,38.76179122924805,64.87126922607422,1.436660647392273
15000,14.35409927368164,2.0036613941192627,-0.012355923652648926,-0.35110482573509216,1.0491702556610107,0.7904989719390869,0.41796875,39.97857666015625,66.82274627685547,1.4796533584594727
16000,7.6125712394714355,-0.3596193194389343,0.2631751596927643,-0.013834208250045776,0.7462906837463379,0.7839089632034302,0.314453125,41.07024002075195,68.23296356201172,2.0018317699432373
17000,60.43011474609375,0.8961139917373657,-1.5147087574005127,-1.45479154586792,0.7462458610534668,0.8230215311050415,0.279296875,42.40359115600586,69.98511505126953,2.0942516326904297
18000,8.542695999145508,2.3358848094940186,-6.863336563110352,-7.559412002563477,1.234864592552185,0.7401064038276672,0.2578125,43.61708450317383,71.48990631103516,1.7167221307754517
19000,7.116525650024414,-3.1212620735168457,-4.737125873565674,-4.596435546875,0.8250475525856018,0.6929516792297363,0.234375,45.029361724853516,72.95818328857422,3.1126911640167236
20000,12.526588439941406,1.103014588356018,-1.0875496864318848,-1.2849383354187012,0.8273584842681885,0.7497842907905579,0.2734375,46.62636947631836,74.66846466064453,2.370441436767578
21000,8.333759307861328,1.8127872943878174,-3.123002767562866,-3.0439414978027344,0.8453736305236816,0.7703826427459717,0.37109375,47.964134216308594,75.88711547851562,4.046967506408691
22000,11.936349868774414,-1.0316190719604492,-1.6241109371185303,-2.1182610988616943,0.9148585796356201,0.7633813619613647,0.365234375,49.04084777832031,76.94280242919922,1.6686731576919556
23000,21.746400833129883,4.191273212432861,-3.4873344898223877,-3.754469633102417,0.8410146832466125,0.7265025973320007,0.296875,49.91305160522461,78.20491790771484,2.639827251434326
24000,10.750625610351562,3.0463719367980957,-2.3452508449554443,-1.887460470199585,0.9892721772193909,0.7307211756706238,0.30078125,50.71511459350586,79.37303161621094,3.5676095485687256
25000,15.25647258758545,0.031807541847229004,-5.1665449142456055,-5.355874538421631,0.8378419876098633,0.6998813152313232,0.30078125,51.69902420043945,80.64591217041016,1.9711757898330688
26000,12.491259574890137,1.2653028964996338,-5.3411407470703125,-5.641573905944824,0.9022511839866638,0.7342966198921204,0.353515625,52.600364685058594,81.99909210205078,2.016940116882324
27000,9.363280296325684,2.79734468460083,-3.3570828437805176,-3.6579818725585938,0.8391761779785156,0.755767822265625,0.330078125,53.500221252441406,83.02976989746094,1.8321647644042969
28000,9.212764739990234,-0.8985154032707214,-5.949430465698242,-5.864558219909668,0.8384688496589661,0.7791223526000977,0.373046875,54.47081756591797,84.26947021484375,2.249648094177246
29000,8.28372859954834,-1.8506150245666504,-1.9123640060424805,-1.9316550493240356,0.8313193321228027,0.7786778211593628,0.404296875,55.292335510253906,85.46129608154297,1.954298973083496
30000,7.690202236175537,-1.3418982028961182,-3.361755132675171,-3.1935007572174072,0.8023859858512878,0.7658563256263733,0.431640625,56.02812957763672,86.70052337646484,2.5185930728912354
31000,5.54258918762207,-2.0449576377868652,-4.325072765350342,-4.176871299743652,0.8987933993339539,0.7787931561470032,0.478515625,56.704345703125,88.04174041748047,1.6184287071228027
32000,19.44586944580078,1.070509433746338,-3.5189876556396484,-3.4214041233062744,0.855335533618927,0.7800953984260559,0.466796875,57.42084503173828,89.44227600097656,2.606008768081665
33000,10.391068458557129,-1.8634231090545654,-3.8900837898254395,-4.3668036460876465,0.9540315270423889,0.777069628238678,0.45703125,58.1509895324707,90.5303726196289,3.40667724609375
34000,8.662734985351562,-1.0070717334747314,3.248257637023926,3.6456220149993896,0.7916614413261414,0.7870421409606934,0.47265625,58.91377639770508,91.3759994506836,1.75050687789917
35000,11.302179336547852,-2.316347122192383,0.06398716568946838,0.5701966285705566,0.8741433024406433,0.8098693490028381,0.537109375,59.591556549072266,92.47311401367188,2.000392198562622
36000,6.760958671569824,-1.501420259475708,0.53962242603302,0.07781583070755005,0.901492178440094,0.7773226499557495,0.466796875,60.34059524536133,93.33589172363281,2.147268056869507
37000,13.54758071899414,-1.0767037868499756,1.4018070697784424,1.6468677520751953,0.693708062171936,0.7949644923210144,0.501953125,60.922142028808594,94.2960433959961,1.8821351528167725
38000,8.295036315917969,-0.6753216981887817,-2.503269672393799,-2.239631414413452,0.8536410331726074,0.7776035070419312,0.458984375,61.46620559692383,95.40557098388672,2.0292677879333496
39000,14.775289535522461,-1.5972423553466797,-2.0535569190979004,-1.8865714073181152,0.8038545250892639,0.766684889793396,0.404296875,62.03909683227539,96.23900604248047,2.782439708709717
40000,23.316566467285156,-2.6517038345336914,-1.1402020454406738,-0.9494468569755554,0.8361991047859192,0.8089078664779663,0.439453125,62.75836944580078,97.12882232666016,1.4581271409988403
41000,6.778794288635254,0.33715128898620605,0.3241265118122101,-0.06411007046699524,0.7448971271514893,0.7920547127723694,0.443359375,63.35134506225586,98.04398345947266,2.4358320236206055
42000,27.249418258666992,0.99132239818573,-0.8718566298484802,-0.7863695025444031,0.8498106598854065,0.772085964679718,0.396484375,63.9315185546875,98.82012939453125,2.6541101932525635
43000,12.208113670349121,-0.8249300718307495,-5.20824670791626,-5.607795238494873,0.8530305624008179,0.7512669563293457,0.365234375,64.54360961914062,99.61084747314453,1.798363447189331
44000,27.42632293701172,1.445256233215332,-3.934105396270752,-3.869539737701416,0.7798035144805908,0.766846776008606,0.37890625,65.2674789428711,100.60102844238281,1.8708279132843018
45000,8.156463623046875,1.0493738651275635,-6.770485877990723,-6.719019889831543,0.8567551374435425,0.7659825682640076,0.40234375,66.01944732666016,101.36914825439453,1.9708844423294067
46000,6.247184753417969,1.9307026863098145,-2.4680957794189453,-2.429682731628418,0.9104606509208679,0.7597798109054565,0.38671875,66.73218536376953,102.23468780517578,2.020106792449951
47000,19.59343147277832,1.8258715867996216,-2.8677737712860107,-3.044153928756714,0.831357479095459,0.7557551860809326,0.369140625,67.53003692626953,103.1236343383789,1.9571641683578491
48000,6.2976531982421875,1.696897268295288,-2.7551941871643066,-2.7963814735412598,0.8232224583625793,0.7708867788314819,0.439453125,68.32713317871094,104.02716827392578,1.8078786134719849
49000,9.838891983032227,-2.2250449657440186,-1.968612790107727,-2.0082502365112305,0.7951614856719971,0.7799925804138184,0.3671875,69.01268768310547,104.96435546875,1.3244807720184326
50000,11.158498764038086,4.058154106140137,-4.102423191070557,-4.206178188323975,0.824485182762146,0.739271342754364,0.365234375,69.66476440429688,105.78730010986328,2.826356887817383
51000,102.1606674194336,3.645491600036621,-5.165509223937988,-5.181504249572754,0.8881638646125793,0.8039605617523193,0.3984375,70.42573547363281,106.67662048339844,1.9824291467666626
52000,15.263566017150879,3.6636343002319336,-3.3313186168670654,-3.441307306289673,0.7998217940330505,0.7841870188713074,0.3984375,71.05095672607422,107.52227783203125,2.5448145866394043
53000,90.85957336425781,1.5035933256149292,-3.9787817001342773,-4.125854969024658,0.8826576471328735,0.8001556396484375,0.41796875,71.59078979492188,108.3072280883789,1.8929953575134277
54000,14.457204818725586,0.4603116810321808,-9.723928451538086,-9.60154914855957,1.131019115447998,0.7707092761993408,0.345703125,72.13439178466797,109.09652709960938,1.7151942253112793
55000,10.151117324829102,0.5130552053451538,-4.245985984802246,-4.346704006195068,0.7984542846679688,0.7749375700950623,0.3671875,72.72384643554688,109.766845703125,2.191246509552002
56000,32.452491760253906,0.7421333193778992,-4.995704650878906,-5.242994785308838,0.7976398468017578,0.8117948770523071,0.439453125,73.22559356689453,110.58700561523438,1.496951699256897
57000,34.80084991455078,-0.23548707365989685,-3.854187488555908,-3.9069881439208984,0.7745130658149719,0.7487267851829529,0.36328125,73.73632049560547,111.50396728515625,1.6020445823669434
58000,8.948968887329102,0.6689355969429016,-3.0297601222991943,-2.781931161880493,0.7666081190109253,0.7483659982681274,0.31640625,74.24624633789062,112.42991638183594,1.117077112197876
59000,13.157962799072266,2.387416362762451,-4.143677711486816,-4.162625312805176,0.7819371223449707,0.8020489811897278,0.392578125,74.72649383544922,113.25428771972656,1.4808251857757568
60000,9.50376033782959,-0.28747808933258057,-1.5834275484085083,-1.3302853107452393,0.7604727745056152,0.7844914793968201,0.41015625,75.24614715576172,114.14961242675781,2.234848737716675
61000,5.534947395324707,1.9667807817459106,-2.4742984771728516,-2.454740285873413,0.8696726560592651,0.7517808675765991,0.36328125,75.79798126220703,115.16765594482422,2.427382707595825
62000,14.407350540161133,2.5537421703338623,-1.8351154327392578,-1.6055834293365479,0.822141706943512,0.7364693880081177,0.34765625,76.35918426513672,116.07868194580078,2.050668954849243
63000,6.088141441345215,-1.870099425315857,-1.529355525970459,-1.5671231746673584,0.9555705785751343,0.7334498167037964,0.361328125,76.82786560058594,116.94660949707031,3.1780872344970703
64000,48.92230987548828,-0.06916594505310059,-0.7113966941833496,-0.8267341256141663,0.7490289211273193,0.7514126300811768,0.400390625,77.34005737304688,117.85832214355469,1.8686212301254272
65000,13.339082717895508,-0.46701470017433167,-3.152433395385742,-2.9915010929107666,0.931564450263977,0.7086406946182251,0.361328125,77.81404113769531,118.72734069824219,1.7065292596817017
66000,30.42658042907715,-0.8734380006790161,-1.5347144603729248,-1.7195184230804443,0.8871198296546936,0.6954268217086792,0.353515625,78.24242401123047,119.49951171875,1.7072911262512207
67000,4.745307445526123,1.0094654560089111,-1.6337224245071411,-1.6291128396987915,0.8518202900886536,0.7143290042877197,0.345703125,78.71626281738281,120.41585540771484,1.6818745136260986
68000,11.005044937133789,0.12194430828094482,-3.8246729373931885,-3.8063607215881348,0.9634517431259155,0.7386630773544312,0.361328125,79.1681900024414,121.1397933959961,2.4202146530151367
69000,6.580414772033691,-0.2538641691207886,-2.612917423248291,-2.549717426300049,0.8440411686897278,0.6973575949668884,0.302734375,79.610107421875,121.8666763305664,2.1954665184020996
70000,10.022464752197266,0.10369199514389038,-0.5509740114212036,-0.7272242307662964,0.7708403468132019,0.7214826941490173,0.326171875,80.00212097167969,122.6268310546875,1.6737080812454224
71000,6.676755428314209,-1.144407868385315,-0.970015287399292,-1.0719023942947388,0.8878916501998901,0.7080382704734802,0.27734375,80.40733337402344,123.35980987548828,1.53741455078125
72000,8.307644844055176,-0.04960399866104126,1.0087339878082275,0.7345216274261475,0.8838573694229126,0.6597191095352173,0.2109375,80.76913452148438,123.96051025390625,1.6773072481155396
73000,6.715537071228027,-0.04454377293586731,0.891930878162384,0.8976909518241882,0.7026803493499756,0.6552202701568604,0.21484375,81.09089660644531,124.577392578125,2.502413511276245
74000,12.324548721313477,0.33513495326042175,-0.7443926930427551,-0.6776911020278931,0.7873144149780273,0.6880376935005188,0.279296875,81.4776611328125,125.21601104736328,1.3750296831130981
75000,6.163012504577637,-2.569999933242798,0.46152782440185547,0.6016232967376709,0.7578626275062561,0.6918883323669434,0.23828125,81.85948944091797,125.80403137207031,1.5272103548049927
76000,6.9905900955200195,-0.7085740566253662,-0.5135481357574463,-0.33415651321411133,0.8821380138397217,0.6852974891662598,0.2421875,82.27029418945312,126.4104995727539,1.3989511728286743
77000,15.551403999328613,-0.8189094066619873,1.438821792602539,1.1827343702316284,0.7361804246902466,0.6717080473899841,0.228515625,82.68672943115234,127.01223754882812,1.9873360395431519
78000,9.47484302520752,-2.1109724044799805,-1.0384340286254883,-0.9765520691871643,0.843458890914917,0.6934019923210144,0.265625,83.15714263916016,127.62741088867188,2.2257254123687744
79000,10.896157264709473,-3.4698920249938965,0.45203590393066406,0.2914600074291229,0.7258554697036743,0.6865715384483337,0.2265625,83.61872100830078,128.3246612548828,1.7045376300811768
80000,16.371959686279297,-2.5989177227020264,0.5317800045013428,0.46563470363616943,0.8062050342559814,0.6972559690475464,0.283203125,84.09234619140625,128.94570922851562,1.521523356437683
81000,6.113038063049316,-2.0606722831726074,0.7249475121498108,0.7368073463439941,0.7317457795143127,0.7243794202804565,0.296875,84.55744171142578,129.66384887695312,1.7391835451126099
82000,4.820695400238037,-2.9692792892456055,-0.7164162397384644,-0.8975439667701721,0.8761675357818604,0.7083461284637451,0.28515625,85.01081848144531,130.39454650878906,1.6520556211471558
83000,29.191617965698242,-2.279698133468628,-0.8905845880508423,-0.43861472606658936,0.9267944097518921,0.7451928853988647,0.3359375,85.4451904296875,131.14569091796875,1.9982733726501465
84000,6.6051926612854,-2.45424747467041,-3.9846506118774414,-4.109316349029541,0.8680269122123718,0.713862955570221,0.322265625,85.8564224243164,131.87872314453125,1.5132031440734863
85000,57.99676513671875,-2.146993398666382,0.748458743095398,0.5119348764419556,0.774421215057373,0.687122106552124,0.306640625,86.2170181274414,132.5537109375,1.7422170639038086
86000,8.55502700805664,3.0464463233947754,-1.988551378250122,-2.009915828704834,0.8146555423736572,0.7049516439437866,0.3046875,86.6158447265625,133.33872985839844,3.7933590412139893
87000,13.280635833740234,-2.660299062728882,1.4846856594085693,1.3109099864959717,0.7080331444740295,0.743220329284668,0.314453125,87.02155303955078,134.0336456298828,2.6644973754882812
88000,3.8629283905029297,-3.615715503692627,2.88130521774292,2.7951443195343018,0.730385422706604,0.7202107310295105,0.314453125,87.40777587890625,134.64430236816406,1.8182671070098877
89000,12.708768844604492,1.8673502206802368,-0.6993461847305298,-0.5192443132400513,0.7897107005119324,0.725593090057373,0.3984375,87.72187805175781,135.28054809570312,1.4630087614059448
90000,6.032574653625488,-1.2816908359527588,0.3318670392036438,0.16580116748809814,0.72489994764328,0.7286983132362366,0.361328125,88.12367248535156,135.90374755859375,2.031196355819702
91000,11.73402214050293,-1.0600768327713013,-2.1688284873962402,-2.109442949295044,0.7705373764038086,0.721070408821106,0.380859375,88.48802947998047,136.63348388671875,2.1749203205108643
92000,11.205918312072754,-1.762735366821289,-1.376489281654358,-1.4242298603057861,0.8315679430961609,0.7316724061965942,0.390625,88.88402557373047,137.29693603515625,1.8769464492797852
93000,8.391984939575195,-1.4245457649230957,0.2228546142578125,0.1867760717868805,0.7904198169708252,0.7441379427909851,0.3671875,89.24830627441406,137.98634338378906,2.9665169715881348
94000,21.260255813598633,-1.4732588529586792,0.19403862953186035,0.29601678252220154,0.7635738849639893,0.695023238658905,0.306640625,89.70841979980469,138.71575927734375,1.552230715751648
95000,5.039417266845703,-2.439358949661255,-0.8253156542778015,-0.5600597262382507,0.873223066329956,0.7653785943984985,0.384765625,90.06664276123047,139.34788513183594,1.951062560081482
96000,17.23305892944336,-3.5965003967285156,0.5423370599746704,0.5113463401794434,0.7483912706375122,0.7293870449066162,0.369140625,90.44993591308594,139.9898223876953,2.086749315261841
97000,6.146733283996582,-2.062800884246826,-3.2142462730407715,-3.1900079250335693,0.9215832948684692,0.7306681871414185,0.322265625,90.82691192626953,140.73666381835938,1.5384806394577026
98000,8.744344711303711,-3.7820584774017334,2.5149571895599365,2.4466171264648438,0.8140777945518494,0.738144040107727,0.38671875,91.1841812133789,141.30442810058594,1.4263386726379395
99000,23.437744140625,-0.16550618410110474,-0.3855413496494293,-0.4087751507759094,0.8821157217025757,0.708038330078125,0.341796875,91.54081726074219,141.84925842285156,1.5255770683288574
100000,5.235186576843262,-2.1541264057159424,-1.4373756647109985,-1.490886926651001,0.9115263819694519,0.6797826290130615,0.26953125,91.88682556152344,142.4019775390625,2.588825225830078
101000,6.644854545593262,-3.6966421604156494,0.7454004287719727,0.7932218313217163,0.8372917175292969,0.7021033763885498,0.310546875,92.31361389160156,142.938232421875,1.7850388288497925
102000,8.245250701904297,-3.232393980026245,-0.2881605625152588,-0.246687114238739,0.9354668259620667,0.6871984004974365,0.28125,92.6669921875,143.5150604248047,1.818790078163147
103000,4.325127601623535,-1.0901154279708862,-0.42899495363235474,-0.23205611109733582,0.8113734126091003,0.7079694867134094,0.302734375,93.03765106201172,143.87472534179688,1.5108312368392944
104000,9.255352020263672,-1.6081024408340454,1.4206448793411255,1.2803635597229004,0.7816779613494873,0.7214372158050537,0.3359375,93.39603424072266,144.32078552246094,1.460669994354248
105000,19.144683837890625,-2.404660224914551,2.57102370262146,2.534487009048462,0.7653045654296875,0.7414926886558533,0.30859375,93.75901794433594,144.9320831298828,1.8898587226867676
106000,4.129650592803955,-2.3620851039886475,-0.2696824073791504,-0.18912196159362793,0.6449952721595764,0.7545989751815796,0.345703125,94.15721893310547,145.5738525390625,1.9064629077911377
107000,5.104279041290283,-1.6019418239593506,1.6928918361663818,1.769052267074585,0.786700427532196,0.7616926431655884,0.375,94.57572174072266,146.210693359375,2.086592197418213
108000,5.122486114501953,-3.375000238418579,0.5177070498466492,0.5914775133132935,0.7088344097137451,0.7424425482749939,0.3125,94.9605484008789,146.77589416503906,1.1435093879699707
109000,9.582630157470703,-1.3683103322982788,1.3858497142791748,1.2985904216766357,0.6710988283157349,0.7640235424041748,0.380859375,95.29572296142578,147.41493225097656,1.7653217315673828
110000,23.196491241455078,-2.008425235748291,1.5647814273834229,1.3889470100402832,0.7521880865097046,0.774843692779541,0.39453125,95.67205810546875,148.0439910888672,1.6099456548690796
111000,6.827523231506348,-2.931270122528076,0.8120105266571045,0.6719902157783508,0.623035728931427,0.7670809030532837,0.40625,95.9820785522461,148.59625244140625,1.9206721782684326
112000,3.842202663421631,-3.592576265335083,2.111804723739624,1.905428409576416,0.7534503936767578,0.7638595700263977,0.3828125,96.33220672607422,149.28402709960938,1.664551854133606
113000,12.395167350769043,-2.3520569801330566,0.40346378087997437,0.4703134298324585,0.6673274636268616,0.7783244848251343,0.421875,96.6734619140625,149.78477478027344,1.6006733179092407
114000,8.817944526672363,-5.496952533721924,1.3803273439407349,1.2969200611114502,0.6770076155662537,0.7161945104598999,0.365234375,96.98609924316406,150.30996704101562,1.8708815574645996
115000,11.582063674926758,-1.782180905342102,3.310617446899414,3.573516845703125,0.6864392161369324,0.7466866970062256,0.3828125,97.30913543701172,150.80239868164062,1.7392895221710205
116000,19.841106414794922,-1.8083364963531494,0.5182250738143921,0.6811186075210571,0.7724823355674744,0.7495488524436951,0.373046875,97.64742279052734,151.50448608398438,1.743515968322754
117000,4.734062194824219,-2.3312344551086426,1.0110327005386353,0.9290245771408081,0.5970211625099182,0.7620635628700256,0.423828125,97.94097137451172,152.07371520996094,1.6335337162017822
118000,5.858147621154785,-2.065110445022583,0.7984617948532104,0.6282536387443542,0.7476600408554077,0.7427191138267517,0.369140625,98.24964904785156,152.5719451904297,1.4818894863128662
119000,2.629134178161621,-2.1716694831848145,1.809173345565796,1.7606676816940308,0.7410694360733032,0.7576277256011963,0.38671875,98.55142974853516,153.07186889648438,1.2543526887893677
120000,38.09314727783203,-1.571699857711792,0.5849215984344482,0.7179076671600342,0.5818015336990356,0.7242174744606018,0.30859375,98.88591766357422,153.48902893066406,1.277284026145935
121000,6.465579509735107,-2.801269292831421,0.9673783183097839,0.8878424167633057,0.6305876970291138,0.7012516260147095,0.3046875,99.23294067382812,154.0072479248047,1.4169883728027344
122000,3.3318910598754883,-1.3892221450805664,0.21880124509334564,0.16844868659973145,0.6007745265960693,0.7163546085357666,0.3515625,99.57625579833984,154.48828125,1.5341806411743164
123000,4.465069770812988,-1.8419426679611206,0.8735650181770325,0.958786129951477,0.5827934145927429,0.7349971532821655,0.365234375,99.87821197509766,155.0765838623047,1.2897133827209473
124000,6.355506896972656,-1.3735134601593018,1.5299999713897705,1.368886947631836,0.531531572341919,0.6867787837982178,0.29296875,100.1984634399414,155.46282958984375,2.970794439315796
125000,3.802586793899536,-2.7793142795562744,0.6035382747650146,0.677135705947876,0.6581923961639404,0.7049090266227722,0.326171875,100.48170471191406,156.09344482421875,0.9311368465423584
126000,2.7485837936401367,0.21098941564559937,0.5791435837745667,0.5849786996841431,0.6736798882484436,0.7067041397094727,0.33203125,100.7669677734375,156.73358154296875,1.8609254360198975
127000,1.984762191772461,-0.8182893991470337,-0.9433020949363708,-0.7845335006713867,0.6158355474472046,0.7212154269218445,0.35546875,101.09657287597656,157.30091857910156,1.3304880857467651
128000,4.327719211578369,0.22600510716438293,-0.581192135810852,-0.7479051947593689,0.7053499221801758,0.7423468232154846,0.37890625,101.43062591552734,157.99462890625,1.219308614730835
129000,2.30686092376709,0.29551973938941956,2.1025888919830322,1.9929877519607544,0.6884176731109619,0.7187943458557129,0.330078125,101.78453826904297,158.8218536376953,1.7311174869537354
130000,7.217535018920898,0.32656556367874146,0.4977356195449829,0.6243698596954346,0.608533501625061,0.7033587694168091,0.30859375,102.0827407836914,159.37838745117188,1.0217865705490112
131000,9.762165069580078,-1.3524010181427002,-1.6570587158203125,-1.9374470710754395,0.5345166325569153,0.7484137415885925,0.392578125,102.45186614990234,160.03379821777344,1.2236000299453735
132000,15.77438735961914,0.9452767968177795,-0.7920970916748047,-0.9513965249061584,0.6466835141181946,0.6868476867675781,0.2890625,102.75371551513672,160.51832580566406,1.1954970359802246
133000,2.4000768661499023,0.5891126990318298,0.024046532809734344,0.13913071155548096,0.6488036513328552,0.7503854632377625,0.357421875,103.08067321777344,160.93670654296875,1.768175482749939
134000,8.454776763916016,0.5580925941467285,-2.9271340370178223,-2.9748458862304688,0.5052234530448914,0.7191269993782043,0.296875,103.406005859375,161.70327758789062,1.198891282081604
135000,2.4929616451263428,-0.11704689264297485,-1.242303729057312,-1.3536893129348755,0.551377534866333,0.7343093156814575,0.328125,103.70195770263672,162.35775756835938,2.113978147506714
136000,62.590087890625,1.118290901184082,-0.9571666121482849,-0.9624005556106567,0.5729596614837646,0.7095958590507507,0.3203125,103.99219512939453,163.13096618652344,1.472736120223999
137000,12.483068466186523,-0.4372476637363434,-1.4577140808105469,-1.471696138381958,0.5208762884140015,0.7492640614509583,0.34765625,104.27717590332031,163.68968200683594,1.7432838678359985
138000,1.9783201217651367,-0.1411813497543335,-0.217325359582901,-0.14304086565971375,0.5003098845481873,0.762413740158081,0.38671875,104.57274627685547,164.48715209960938,1.11113440990448
139000,5.76780891418457,-1.1585261821746826,0.2785521447658539,-0.011418282985687256,0.6227124929428101,0.7417606711387634,0.30078125,104.87955474853516,165.2089080810547,2.2280499935150146
140000,16.850791931152344,-0.3119478225708008,-0.7504063844680786,-0.9867469668388367,0.6287717819213867,0.7033493518829346,0.287109375,105.2186279296875,165.90782165527344,1.3904435634613037
141000,15.779722213745117,-0.6646926999092102,-2.4141836166381836,-2.6015336513519287,0.607571542263031,0.7330052852630615,0.302734375,105.56248474121094,166.69320678710938,3.3881020545959473
142000,2.1896424293518066,-2.02736496925354,0.26385489106178284,0.12432987987995148,0.5205052495002747,0.7507197856903076,0.365234375,105.90286254882812,167.39222717285156,1.576593279838562
143000,2.08656907081604,-0.22868210077285767,0.30819106101989746,0.17166036367416382,0.486219197511673,0.7259263396263123,0.32421875,106.24446868896484,168.2286834716797,2.65358829498291
144000,2.9264767169952393,-0.8433003425598145,0.6445876359939575,0.49169084429740906,0.5796133279800415,0.7478948831558228,0.31640625,106.61451721191406,169.0507049560547,1.9424464702606201
145000,8.04182243347168,1.6303788423538208,-2.043998956680298,-2.0130057334899902,0.5802353620529175,0.72501140832901,0.326171875,106.91863250732422,169.79530334472656,1.2264697551727295
146000,12.249420166015625,-2.0952088832855225,-0.5535638928413391,-0.4470258355140686,0.7134140133857727,0.7658002972602844,0.376953125,107.24823760986328,170.48924255371094,1.4772088527679443
147000,69.94113159179688,-2.5058743953704834,-0.4175633490085602,-0.33373716473579407,0.48638349771499634,0.7633262872695923,0.365234375,107.58853912353516,171.15126037597656,1.4995111227035522
148000,3.2581515312194824,-2.6374223232269287,0.9056856632232666,1.0386481285095215,0.5973482728004456,0.7452088594436646,0.31640625,107.85127258300781,171.6167755126953,1.3007854223251343
149000,2.660893201828003,-0.32457268238067627,0.11353224515914917,0.21726202964782715,0.5733085870742798,0.7123605012893677,0.296875,108.19317626953125,172.2181854248047,1.5160256624221802
150000,2.5505523681640625,-0.8863114714622498,1.5957852602005005,1.5539058446884155,0.5067344903945923,0.754948616027832,0.36328125,108.49602508544922,172.83741760253906,1.9051393270492554
