step,return,length
167,-120.426438,167
275,-366.323038,108
370,-253.174312,95
466,-206.744158,96
605,-304.145594,139
713,-104.197245,108
798,-153.990262,85
861,-43.352123,63
944,-352.587991,83
1045,-383.442958,101
1135,-424.881076,90
1223,-445.167462,88
1326,-309.987817,103
1459,-270.523334,133
1570,-165.057299,111
1693,-354.761998,123
1847,-58.383122,154
1960,-324.704461,113
2080,-182.735145,120
2172,-221.0186,92
2279,-309.083385,107
2361,-20.078788,82
2544,-269.264024,183
2625,-173.147514,81
2764,-289.253401,139
2840,-299.693024,76
2957,-507.483603,117
3083,-187.43664,126
3162,-67.935947,79
3282,-180.12035,120
3449,-228.362679,167
3523,-253.578158,74
3615,-127.447498,92
3725,-28.511088,110
3853,-343.792857,128
3993,-350.925379,140
4072,-81.549346,79
4169,-64.569925,97
4272,-123.379492,103
4375,-30.834481,103
4492,-87.066535,117
4581,-151.154344,89
4661,-235.655004,80
4795,-379.776653,134
4899,-294.63253,104
5024,-296.76709,125
5127,-133.888686,103
5767,-361.55629,640
5956,-510.736182,189
6083,-600.208438,127
6207,-518.352529,124
6555,-650.419574,348
6899,-253.85375,344
7206,-319.991836,307
7622,-186.304352,416
8377,-206.390159,755
9261,-243.432232,884
9457,-13.752139,196
9750,-210.065254,293
10750,15.884076,1000
11544,172.736441,794
12544,-85.224174,1000
13544,7.567,1000
14032,-261.761329,488
14276,-210.130877,244
14457,-160.802914,181
14632,-218.421587,175
14923,-226.749515,291
15300,-332.6147,377
15619,-190.496241,319
16026,207.244565,407
16365,-355.853108,339
16686,-58.035046,321
16958,-139.350198,272
17305,-204.485292,347
17575,-184.80284,270
18329,182.804588,754
19122,-268.914306,793
19629,232.007784,507
19916,230.039357,287
20916,102.768461,1000
21468,-74.863158,552
21861,-85.86925,393
22861,26.40309,1000
23680,-286.102476,819
24393,-213.576014,713
25152,-260.35648,759
26152,8.485108,1000
27152,-45.656725,1000
28005,-151.830548,853
29005,-39.924712,1000
29933,156.38203,928
30462,-157.939107,529
30772,-173.245507,310
31772,47.46167,1000
32293,224.290774,521
32532,-72.53808,239
32742,-43.66529,210
32930,-233.286258,188
33493,231.174912,563
33789,21.712921,296
34514,199.029239,725
34671,-108.196137,157
34823,-70.759548,152
35041,-193.174293,218
35302,-185.410109,261
36302,63.773829,1000
36522,-14.656088,220
37522,94.848523,1000
37903,-32.756206,381
38647,-265.474628,744
39514,176.189074,867
40514,2.497979,1000
41514,70.210392,1000
41974,5.721956,460
42974,-8.790942,1000
43351,-20.973493,377
44274,-145.909394,923
45274,-56.803076,1000
46274,-33.324115,1000
47274,-72.161701,1000
48274,-58.404606,1000
49274,-73.345228,1000
50274,-56.921605,1000
51274,-40.55669,1000
52274,-77.899065,1000
53274,-74.395133,1000
54274,-42.909507,1000
55076,-167.261134,802
56076,-12.160684,1000
57076,-136.82743,1000
58076,-42.918681,1000
59076,-23.471979,1000
59822,220.285512,746
60822,-52.699296,1000
61822,-26.0441,1000
62822,-108.804163,1000
63822,-101.954995,1000
64084,-49.463604,262
65084,-111.97913,1000
66084,-88.919801,1000
67084,-113.683448,1000
67476,-97.902488,392
68476,-44.023355,1000
69476,-61.064763,1000
70476,-33.259252,1000
71476,-55.871442,1000
72476,-57.40547,1000
72751,-134.817775,275
73751,-97.513898,1000
74751,-72.27414,1000
75751,-53.090113,1000
76455,198.463834,704
76652,-96.840485,197
77155,168.971268,503
78155,-31.782882,1000
79155,-93.094944,1000
80155,-36.143655,1000
80923,-76.467453,768
81923,-67.254181,1000
82923,-29.085316,1000
83923,-19.477459,1000
84923,-41.453792,1000
85679,-127.553583,756
86442,-134.507518,763
87013,187.988563,571
87449,186.284215,436
88051,-90.128372,602
88838,179.489391,787
89521,187.618125,683
89959,-6.58799,438
90959,-14.855026,1000
91959,-55.803636,1000
92529,175.550016,570
92845,-238.73321,316
93544,-246.683653,699
94544,-32.589116,1000
95523,-122.871364,979
96474,-90.741257,951
96778,241.037293,304
97585,160.197633,807
98585,61.08217,1000
99585,-3.814135,1000
100164,219.797152,579
100505,5.149449,341
100956,-6.632061,451
101222,195.887753,266
102222,-71.372333,1000
103222,-53.89377,1000
103672,-47.020405,450
104672,-44.416425,1000
105179,188.535988,507
106179,-52.886633,1000
107179,-64.551066,1000
107849,-45.204278,670
108849,-30.497623,1000
109291,245.822424,442
110252,162.574255,961
110734,217.838937,482
111734,-35.522169,1000
112652,106.313646,918
113652,-50.045267,1000
114652,11.055721,1000
115586,139.964729,934
116586,-8.300926,1000
117579,69.157051,993
118364,154.925432,785
119364,-29.368392,1000
120070,156.91719,706
120525,246.71764,455
121174,207.713476,649
122174,-91.595211,1000
122590,-1065.418683,416
123590,4.705655,1000
124590,-45.78417,1000
125590,-22.150076,1000
126590,-78.475591,1000
127590,-56.25959,1000
128440,119.088878,850
129440,3.329832,1000
130237,142.671789,797
131237,-102.606869,1000
132023,-112.615118,786
132948,-187.226602,925
133632,192.980204,684
134421,194.883512,789
135421,-68.39437,1000
136421,-55.795276,1000
137421,-83.567427,1000
138421,-33.719338,1000
139421,-95.571516,1000
139682,282.356545,261
140486,157.252953,804
141486,-100.36204,1000
142486,-44.126807,1000
143486,-104.740459,1000
144386,142.504197,900
145018,-67.345873,632
145150,-2.294904,132
145602,-31.222212,452
146036,166.297134,434
146709,154.909038,673
146980,228.711941,271
147136,6.659649,156
147802,165.760457,666
148659,158.754616,857
149038,-23.150489,379
149708,210.242564,670
150027,226.855656,319
150523,236.744876,496
150958,244.807626,435
151075,46.36192,117
151325,287.654603,250
151653,252.504713,328
151789,-16.288845,136
152058,249.707019,269
152430,-64.959665,372
152591,54.309436,161
152842,285.153512,251
153086,274.336571,244
153190,27.136821,104
153448,277.8953,258
153573,24.131143,125
153922,237.477689,349
154239,-50.112979,317
154787,152.276763,548
155069,282.835822,282
155499,206.06874,430
155860,44.287623,361
156254,262.335022,394
156654,250.849113,400
157588,-114.29273,934
158403,143.881113,815
158863,250.516105,460
159367,202.0688,504
159480,78.974764,113
160480,-45.968519,1000
160943,191.585937,463
161132,258.01313,189
162132,-99.10593,1000
162351,276.755684,219
163351,26.885155,1000
163606,235.874779,255
164033,211.144278,427
164467,245.992783,434
164695,243.54915,228
164891,279.812026,196
165004,33.089744,113
165113,10.901181,109
165410,247.390445,297
165515,-6.255043,105
165800,199.724569,285
166169,215.211984,369
166596,191.803586,427
166700,-45.430412,104
167226,257.787932,526
167526,13.746657,300
167619,14.298632,93
167815,0.270225,196
168466,174.339656,651
168644,246.653404,178
168986,203.786024,342
169521,197.141303,535
170521,-63.499489,1000
170710,258.306059,189
170975,238.203695,265
171975,-75.410156,1000
172404,-39.566414,429
172907,199.585814,503
173749,151.35604,842
174467,196.057458,718
174846,-37.53275,379
175493,229.006277,647
175884,220.284084,391
176602,164.502606,718
176705,-30.124423,103
177227,-79.506034,522
177835,160.033792,608
177907,-101.063701,72
177994,13.774371,87
178474,-65.906214,480
179228,173.236154,754
179810,166.688393,582
180345,146.088171,535
180618,-79.219464,273
180698,-130.360376,80
181052,216.333818,354
181519,213.75607,467
181757,-158.104698,238
182238,193.870679,481
182527,-137.003457,289
182902,217.8209,375
183677,-172.497365,775
183893,-81.502293,216
184155,-4.959381,262
185155,-75.245588,1000
185790,192.810981,635
186087,258.384595,297
186494,212.672153,407
186754,234.208339,260
187226,236.849419,472
187568,-187.192156,342
188168,263.060983,600
189168,-127.76893,1000
189464,266.195516,296
190337,-217.0259,873
191337,-29.320373,1000
191634,210.130707,297
192039,232.509631,405
192362,226.650498,323
192661,201.948431,299
193013,271.838681,352
194013,-12.676251,1000
194367,202.602561,354
194912,230.615006,545
195221,260.34655,309
195565,204.044965,344
196285,193.66194,720
196770,167.748087,485
197062,226.86474,292
197207,19.491992,145
198207,-30.154185,1000
199207,-3.459558,1000
199485,259.347922,278
199742,237.195942,257
199970,223.070762,228
200601,-48.727107,631
200832,277.933601,231
201041,278.685403,209
201810,120.209227,769
202178,184.909187,368
202419,241.840843,241
202657,228.613375,238
202918,263.564829,261
203327,253.517757,409
203556,262.385405,229
203822,267.186021,266
204822,-5.919153,1000
205227,223.198671,405
205542,244.739492,315
205789,242.16105,247
206141,-115.487895,352
206693,215.28121,552
207269,182.653773,576
207903,231.006348,634
208229,209.165966,326
208461,272.218866,232
208781,234.68688,320
208979,273.651309,198
209635,223.401635,656
209832,269.430912,197
210072,286.978608,240
210264,255.607501,192
210492,227.975125,228
210957,218.631731,465
211525,144.690761,568
212053,242.274945,528
212376,242.614514,323
213376,-0.038101,1000
213840,190.773152,464
214135,247.344063,295
214418,196.771657,283
214672,251.537892,254
214959,216.984145,287
215195,237.409005,236
215465,245.58414,270
215727,247.110258,262
216727,-13.544247,1000
216950,265.770799,223
217194,208.646742,244
217373,264.371275,179
217660,269.937647,287
217924,272.688084,264
218227,275.915408,303
218497,280.164711,270
218819,256.072561,322
219073,267.310638,254
219285,245.672902,212
219594,226.130778,309
219875,244.559314,281
220153,274.937885,278
220384,-8.837011,231
220712,212.957888,328
221200,216.050338,488
221495,259.603111,295
221781,242.232529,286
221981,16.328018,200
222365,216.002703,384
222654,266.848939,289
222967,238.889077,313
223264,-31.520678,297
223494,264.769686,230
223858,257.774348,364
224109,234.63102,251
224315,-55.922062,206
224576,-89.649778,261
224909,261.453646,333
225212,268.448015,303
225549,238.897212,337
225732,-8.510546,183
225992,235.414755,260
226262,260.415439,270
226537,235.85889,275
227150,155.117755,613
227500,216.763241,350
228469,153.501113,969
228804,238.725075,335
229129,226.900884,325
229416,248.900229,287
229917,230.689048,501
230306,226.913024,389
230660,244.426171,354
231029,250.213746,369
231276,229.994182,247
231612,213.101553,336
232339,225.289767,727
232613,256.996494,274
232890,235.459494,277
233086,242.320801,196
233290,282.520025,204
233504,289.74212,214
233757,289.797446,253
233928,30.477036,171
234186,244.273969,258
234472,244.853676,286
234780,271.616048,308
234869,-32.207857,89
235097,264.40283,228
235392,273.186432,295
235586,268.36324,194
235886,279.537973,300
236086,249.478162,200
236307,274.54993,221
236544,238.737838,237
236710,282.072164,166
236956,54.08832,246
237509,241.298369,553
237822,291.436995,313
238078,-4.200476,256
238318,271.418078,240
239318,-116.844221,1000
239643,232.113589,325
240643,-64.291836,1000
240939,234.319028,296
241150,269.149589,211
241342,243.571454,192
241580,286.616895,238
241895,246.044258,315
242131,271.020726,236
242672,246.277174,541
242942,195.836514,270
243344,228.323461,402
243597,180.542832,253
243890,249.173156,293
244340,222.317645,450
244609,219.958415,269
244967,232.231218,358
245195,204.503908,228
245561,242.969142,366
245814,268.985549,253
246814,103.271332,1000
247814,-37.240806,1000
248031,224.984316,217
248331,311.02265,300
248530,257.660362,199
248873,222.206375,343
249079,264.79339,206
249482,215.284386,403
249739,227.240641,257
250040,269.27703,301
250269,263.953559,229
250886,-245.190066,617
251141,276.579594,255
251322,272.782898,181
251523,261.995565,201
251715,243.602102,192
251936,264.263898,221
252134,245.591143,198
252506,239.043557,372
252718,253.237174,212
252990,269.950248,272
253287,252.304149,297
253608,228.249138,321
253801,257.442362,193
254801,-56.043475,1000
255233,245.429235,432
255506,240.589026,273
255795,289.06224,289
256063,242.551636,268
256310,227.807669,247
256507,241.351997,197
256733,266.190551,226
256954,252.904297,221
257164,266.977166,210
257458,267.261597,294
257716,254.464958,258
258007,239.125812,291
258192,291.521025,185
258406,299.266148,214
258628,299.402234,222
258842,273.473723,214
259106,241.665782,264
259528,198.97315,422
259755,233.0386,227
260384,214.036836,629
260648,5.944464,264
260926,213.800842,278
261131,0.702435,205
261370,276.069759,239
261547,232.194648,177
261796,262.535783,249
262243,-140.262028,447
262740,206.001861,497
263085,239.367204,345
263941,133.366346,856
264536,221.741098,595
264760,248.851469,224
264951,278.725943,191
265215,302.007662,264
265681,217.209572,466
266037,273.270586,356
266254,254.547377,217
266638,244.486744,384
266931,299.037995,293
267931,-59.592758,1000
268189,260.690842,258
268462,255.829014,273
269248,-389.300154,786
269442,262.247441,194
269798,229.032829,356
270051,229.809762,253
270236,245.856538,185
270463,298.21439,227
270708,288.741613,245
270974,285.295148,266
271209,228.836822,235
271743,221.063081,534
271945,256.342963,202
272171,231.192748,226
272399,310.60873,228
272951,182.564175,552
273299,-11.111593,348
273888,-192.764826,589
274438,179.104213,550
274680,254.883885,242
275147,221.776408,467
275400,-48.958489,253
276173,203.349326,773
276709,232.557219,536
276940,234.750846,231
277447,212.625121,507
278447,-93.934759,1000
279286,181.294052,839
279761,226.873772,475
280233,196.368848,472
281233,-9.045346,1000
281581,169.669967,348
282581,-132.553863,1000
283581,-23.863955,1000
283905,183.416508,324
284905,-54.199669,1000
285905,-6.031705,1000
286472,129.947396,567
286783,259.492235,311
287052,282.326223,269
287282,307.5508,230
287550,307.125828,268
287723,24.881529,173
288664,140.535408,941
288897,254.364734,233
289116,275.445003,219
290116,-91.223617,1000
290426,197.800802,310
290667,267.712599,241
291013,231.462538,346
291280,248.973236,267
291514,265.66863,234
291763,15.708826,249
292051,239.389621,288
293051,-71.574185,1000
293540,-57.959735,489
293791,270.101399,251
294534,-163.787022,743
294792,245.489486,258
295139,264.555364,347
295424,267.108303,285
295775,258.465884,351
296775,-66.261171,1000
297707,-147.705606,932
297904,13.348079,197
298175,277.113012,271
298431,-8.495495,256
298824,237.578434,393
299022,45.623118,198
299214,2.729417,192
299439,250.998989,225
299866,-161.669079,427
